Brand,Price,Rating,Reviews,Stock,page,Price_numeric,Has_Discount,Rating_numeric,Title,Has_Keyword,Base_Delivery_Days,Price_Tier,Discount_Percentage,Original_Price,Spec_Tier,Reviews_numeric,Review_Group,review_date,timestamp,review_time,Review_Period
FLO,"₹6,258","4.1(8,216)","(8,216)",Top Discount of the Sale,1,6258,False,4.1,FLO,False,5,Mid-Low,34,9482.0,High-Spec,8216.0,High Reviews (>500),2024-11-09 15:36:07.038582272,2024-11-09 15:36:07.038582272,15:36:07.038582,Older Reviews
Hypnos,"₹12,698","4.3(1,179)","(1,179)",Top Discount of the Sale,1,12698,False,4.3,Hypnos,False,2,Premium,10,14109.0,High-Spec,1179.0,High Reviews (>500),2025-05-16 11:39:28.315021312,2025-05-16 11:39:28.315021312,11:39:28.315021,Older Reviews
Hypnos,"₹5,974","4.1(5,270)","(5,270)",Top Discount of the Sale,1,5974,False,4.1,Hypnos,False,5,Mid-Low,33,8916.0,High-Spec,5270.0,High Reviews (>500),2024-05-27 00:54:47.176753920,2024-05-27 00:54:47.176753920,00:54:47.176753,Older Reviews
Wakefit,"₹5,948","4.4(1,51,210)","(1,51,210)",Top Discount of the Sale,1,5948,False,4.4,Wakefit,False,4,Mid-Low,25,7931.0,High-Spec,151210.0,High Reviews (>500),2025-09-15 16:42:25.385468160,2025-09-15 16:42:25.385468160,16:42:25.385468,Recent Reviews
Drogo,"₹8,499",4.6(28),(28),Top Discount of the Sale,1,8499,False,4.6,Drogo,False,5,Mid-High,17,10240.0,Premium-Spec,28.0,Low Reviews (≤500),2024-05-31 08:46:45.211830528,2024-05-31 08:46:45.211830528,08:46:45.211830,Older Reviews
Florance,"₹5,066",4.8(11),(11),Bank Offer,1,5066,False,4.8,Florance,False,4,Entry-Level,38,8171.0,Premium-Spec,11.0,Low Reviews (≤500),2024-02-12 23:40:39.707253248,2024-02-12 23:40:39.707253248,23:40:39.707253,Older Reviews
KURLON,"₹5,999","4.1(17,172)","(17,172)",Top Discount of the Sale,1,5999,False,4.1,KURLON,False,6,Mid-Low,32,8822.0,High-Spec,17172.0,High Reviews (>500),2025-01-20 15:51:37.272589824,2025-01-20 15:51:37.272589824,15:51:37.272589,Older Reviews
Sleepwell,"₹5,199","4.1(3,350)","(3,350)",Top Discount of the Sale,1,5199,False,4.1,Sleepwell,False,6,Entry-Level,49,10194.0,High-Spec,3350.0,High Reviews (>500),2024-04-24 04:02:56.479298560,2024-04-24 04:02:56.479298560,04:02:56.479298,Older Reviews
The,"₹11,490","4.2(2,908)","(2,908)",Top Discount of the Sale,1,11490,False,4.2,The,False,2,Premium,8,12489.0,High-Spec,2908.0,High Reviews (>500),2025-10-02 06:33:17.604272384,2025-10-02 06:33:17.604272384,06:33:17.604272,Recent Reviews
ASTRIDE,"₹5,399","4.1(9,243)","(9,243)",Only few left,1,5399,False,4.1,ASTRIDE,False,4,Entry-Level,30,7713.0,High-Spec,9243.0,High Reviews (>500),2025-12-14 01:54:35.648642048,2025-12-14 01:54:35.648642048,01:54:35.648642,Recent Reviews
Hypnos,"₹7,965","4.1(5,270)","(5,270)",Top Discount of the Sale,1,7965,False,4.1,Hypnos,False,6,Mid-High,24,10480.0,High-Spec,5270.0,High Reviews (>500),2025-03-11 22:32:44.306608640,2025-03-11 22:32:44.306608640,22:32:44.306608,Older Reviews
Sleepyhead,"₹5,539","4.4(65,853)","(65,853)",Top Discount of the Sale,1,5539,False,4.4,Sleepyhead,False,6,Entry-Level,41,9388.0,High-Spec,65853.0,High Reviews (>500),2026-01-17 22:35:25.625389312,2026-01-17 22:35:25.625389312,22:35:25.625389,Recent Reviews
GREEN,"₹10,489",4.4(244),(244),Only few left,1,10489,False,4.4,GREEN,False,3,Premium,11,11785.0,High-Spec,244.0,Low Reviews (≤500),2025-03-18 03:26:14.788205312,2025-03-18 03:26:14.788205312,03:26:14.788205,Older Reviews
Flipkart,"₹14,999","4.1(3,533)","(3,533)",Top Discount of the Sale,1,14999,False,4.1,Flipkart,False,3,Premium,7,16128.0,High-Spec,3533.0,High Reviews (>500),2024-02-18 14:04:46.316552960,2024-02-18 14:04:46.316552960,14:04:46.316552,Older Reviews
SPRINGTEK,"₹5,789","4.2(7,207)","(7,207)",Bank Offer,1,5789,False,4.2,SPRINGTEK,False,5,Mid-Low,26,7823.0,High-Spec,7207.0,High Reviews (>500),2025-08-12 04:53:28.898134016,2025-08-12 04:53:28.898134016,04:53:28.898134,Recent Reviews
Centuary,"₹5,276","4.1(1,593)","(1,593)",Top Discount of the Sale,1,5276,False,4.1,Centuary,False,6,Entry-Level,43,9256.0,High-Spec,1593.0,High Reviews (>500),2025-11-21 12:42:45.046956032,2025-11-21 12:42:45.046956032,12:42:45.046956,Recent Reviews
Artesia,"₹6,999",4.2(151),(151),Top Discount of the Sale,1,6999,False,4.2,Artesia,False,4,Mid-High,21,8859.0,High-Spec,151.0,Low Reviews (≤500),2024-07-15 19:26:38.931065344,2024-07-15 19:26:38.931065344,19:26:38.931065,Older Reviews
LIVPURE,"₹5,699","4.2(5,692)","(5,692)",Bank Offer,1,5699,False,4.2,LIVPURE,False,4,Mid-Low,31,8259.0,High-Spec,5692.0,High Reviews (>500),2025-07-18 03:40:06.172018176,2025-07-18 03:40:06.172018176,03:40:06.172018,Older Reviews
shivoja,"₹9,694",4(306),(306),Only few left,1,9694,False,4.0,shivoja,False,2,Premium,11,10892.0,Mid-Spec,306.0,Low Reviews (≤500),2024-11-07 15:35:41.543746304,2024-11-07 15:35:41.543746304,15:35:41.543746,Older Reviews
SIVOM,"₹7,714","4.1(2,089)","(2,089)",Top Discount of the Sale,1,7714,False,4.1,SIVOM,False,5,Mid-High,11,8667.0,High-Spec,2089.0,High Reviews (>500),2025-12-01 18:14:22.586976256,2025-12-01 18:14:22.586976256,18:14:22.586976,Recent Reviews
Solis,"₹6,657","4.2(12,440)","(12,440)",Top Discount of the Sale,1,6657,False,4.2,Solis,False,5,Mid-Low,33,9936.0,High-Spec,12440.0,High Reviews (>500),2025-08-25 20:01:31.751699200,2025-08-25 20:01:31.751699200,20:01:31.751699,Recent Reviews
The,"₹13,390","4.2(2,908)","(2,908)",Bank Offer,1,13390,False,4.2,The,False,3,Premium,6,14245.0,High-Spec,2908.0,High Reviews (>500),2024-04-11 07:37:05.545557760,2024-04-11 07:37:05.545557760,07:37:05.545557,Older Reviews
Wakefit,"₹5,013","4.4(40,088)","(40,088)",Top Discount of the Sale,1,5013,False,4.4,Wakefit,False,5,Entry-Level,40,8355.0,High-Spec,40088.0,High Reviews (>500),2025-09-29 22:16:05.169192704,2025-09-29 22:16:05.169192704,22:16:05.169192,Recent Reviews
Wakefit,"₹7,830","4.4(5,281)","(5,281)",Top Discount of the Sale,1,7830,False,4.4,Wakefit,False,6,Mid-High,15,9212.0,High-Spec,5281.0,High Reviews (>500),2025-03-18 05:26:40.305810688,2025-03-18 05:26:40.305810688,05:26:40.305810,Older Reviews
LIVPURE,"₹5,089","4.1(2,573)","(2,573)",Bank Offer,1,5089,False,4.1,LIVPURE,False,4,Entry-Level,46,9424.0,High-Spec,2573.0,High Reviews (>500),2025-06-18 06:11:41.617272320,2025-06-18 06:11:41.617272320,06:11:41.617272,Older Reviews
FLO,"₹5,063","4.1(5,818)","(5,818)",Top Discount of the Sale,1,5063,False,4.1,FLO,False,6,Entry-Level,41,8581.0,High-Spec,5818.0,High Reviews (>500),2024-09-19 16:58:10.501905408,2024-09-19 16:58:10.501905408,16:58:10.501905,Older Reviews
GOYALSON,"₹5,388",4.1(302),(302),Bank Offer,1,5388,False,4.1,GOYALSON,False,5,Entry-Level,46,9978.0,High-Spec,302.0,Low Reviews (≤500),2025-07-04 12:46:39.308337408,2025-07-04 12:46:39.308337408,12:46:39.308337,Older Reviews
Sleepyhead,"₹5,539","4.3(53,891)","(53,891)",Top Discount of the Sale,1,5539,False,4.3,Sleepyhead,False,6,Entry-Level,40,9232.0,High-Spec,53891.0,High Reviews (>500),2024-07-20 14:04:05.296404224,2024-07-20 14:04:05.296404224,14:04:05.296404,Older Reviews
Bidodf,"₹5,996",4.3(178),(178),Only few left,1,5996,False,4.3,Bidodf,False,5,Mid-Low,22,7687.0,High-Spec,178.0,Low Reviews (≤500),2024-09-19 13:07:01.468902912,2024-09-19 13:07:01.468902912,13:07:01.468902,Older Reviews
SPECIALITY,"₹8,312","4(1,126)","(1,126)",Top Discount of the Sale,1,8312,False,4.0,SPECIALITY,False,4,Mid-High,11,9339.0,Mid-Spec,1126.0,High Reviews (>500),2025-07-14 10:50:26.032796160,2025-07-14 10:50:26.032796160,10:50:26.032796,Older Reviews
The,"₹22,790","4.2(2,908)","(2,908)",Top Discount of the Sale,1,22790,False,4.2,The,False,2,Premium,6,24245.0,High-Spec,2908.0,High Reviews (>500),2025-02-14 03:07:04.462756096,2025-02-14 03:07:04.462756096,03:07:04.462756,Older Reviews
Wooden,"₹7,299",4(91),(91),Top Discount of the Sale,1,7299,False,4.0,Wooden,False,5,Mid-High,16,8689.0,Mid-Spec,91.0,Low Reviews (≤500),2024-02-14 23:59:33.452224000,2024-02-14 23:59:33.452224000,23:59:33.452224,Older Reviews
Wakefit,"₹5,863","4.4(40,088)","(40,088)",Top Discount of the Sale,1,5863,False,4.4,Wakefit,False,5,Mid-Low,21,7422.0,High-Spec,40088.0,High Reviews (>500),2024-10-05 05:31:41.011662336,2024-10-05 05:31:41.011662336,05:31:41.011662,Older Reviews
FLO,"₹5,133","4.1(8,216)","(8,216)",Top Discount of the Sale,1,5133,False,4.1,FLO,False,6,Entry-Level,48,9871.0,High-Spec,8216.0,High Reviews (>500),2025-08-12 01:55:04.437360896,2025-08-12 01:55:04.437360896,01:55:04.437360,Recent Reviews
Livpure,"₹7,054","4.2(5,121)","(5,121)",Top Discount of the Sale,1,7054,False,4.2,Livpure,False,6,Mid-High,24,9282.0,High-Spec,5121.0,High Reviews (>500),2024-02-20 19:03:29.245166848,2024-02-20 19:03:29.245166848,19:03:29.245166,Older Reviews
SPRINGTEK,"₹5,000","4.1(2,961)","(2,961)",Top Discount of the Sale,1,5000,False,4.1,SPRINGTEK,False,6,Entry-Level,49,9804.0,High-Spec,2961.0,High Reviews (>500),2025-12-03 23:10:28.212075776,2025-12-03 23:10:28.212075776,23:10:28.212075,Recent Reviews
Sleepwell,"₹10,299","4.1(15,062)","(15,062)",Bank Offer,1,10299,False,4.1,Sleepwell,False,3,Premium,5,10841.0,High-Spec,15062.0,High Reviews (>500),2024-02-18 22:13:58.241250304,2024-02-18 22:13:58.241250304,22:13:58.241250,Older Reviews
Furniture,"₹6,999","4.4(6,001)","(6,001)",Bank Offer,1,6999,False,4.4,Furniture,False,6,Mid-High,20,8749.0,High-Spec,6001.0,High Reviews (>500),2024-11-22 07:28:07.373197056,2024-11-22 07:28:07.373197056,07:28:07.373197,Older Reviews
SPRINGTEK,"₹7,018","4.3(3,518)","(3,518)",Only few left,1,7018,False,4.3,SPRINGTEK,False,4,Mid-High,20,8772.0,High-Spec,3518.0,High Reviews (>500),2024-05-04 18:42:50.588398592,2024-05-04 18:42:50.588398592,18:42:50.588398,Older Reviews
Wakefit,"₹16,499","4.4(3,728)","(3,728)",Bank Offer,1,16499,False,4.4,Wakefit,False,3,Premium,10,18332.0,High-Spec,3728.0,High Reviews (>500),2025-07-06 17:14:39.916164352,2025-07-06 17:14:39.916164352,17:14:39.916164,Older Reviews
FLO,"₹6,258","4.1(8,216)","(8,216)",Top Discount of the Sale,2,6258,False,4.1,FLO,False,5,Mid-Low,26,8457.0,High-Spec,8216.0,High Reviews (>500),2024-07-13 15:06:57.460446720,2024-07-13 15:06:57.460446720,15:06:57.460446,Older Reviews
Wakefit,"₹5,948","4.4(1,51,210)","(1,51,210)",Top Discount of the Sale,2,5948,False,4.4,Wakefit,False,6,Mid-Low,20,7435.0,High-Spec,151210.0,High Reviews (>500),2024-09-03 20:25:02.879086848,2024-09-03 20:25:02.879086848,20:25:02.879086,Older Reviews
Nilkamal,"₹5,234","4.3(1,369)","(1,369)",Only 5 left,2,5234,False,4.3,Nilkamal,False,5,Entry-Level,45,9516.0,High-Spec,1369.0,High Reviews (>500),2025-09-29 09:27:53.957669120,2025-09-29 09:27:53.957669120,09:27:53.957669,Recent Reviews
ASTRIDE,"₹5,399","4.1(9,243)","(9,243)",Only few left,2,5399,False,4.1,ASTRIDE,False,4,Entry-Level,30,7713.0,High-Spec,9243.0,High Reviews (>500),2024-05-12 20:55:50.192915456,2024-05-12 20:55:50.192915456,20:55:50.192915,Older Reviews
Sleepyhead,"₹5,539","4.4(65,853)","(65,853)",Top Discount of the Sale,2,5539,False,4.4,Sleepyhead,False,4,Entry-Level,38,8934.0,High-Spec,65853.0,High Reviews (>500),2024-01-23 20:59:04.710507520,2024-01-23 20:59:04.710507520,20:59:04.710507,Older Reviews
Sleepwell,"₹10,299","4.1(15,062)","(15,062)",Bank Offer,2,10299,False,4.1,Sleepwell,False,2,Premium,9,11318.0,High-Spec,15062.0,High Reviews (>500),2024-04-15 09:17:13.932478464,2024-04-15 09:17:13.932478464,09:17:13.932478,Older Reviews
Florance,"₹5,066",4.8(11),(11),Bank Offer,2,5066,False,4.8,Florance,False,5,Entry-Level,33,7561.0,Premium-Spec,11.0,Low Reviews (≤500),2025-12-31 05:41:20.981894656,2025-12-31 05:41:20.981894656,05:41:20.981894,Recent Reviews
Hypnos,"₹5,974","4.1(5,270)","(5,270)",Top Discount of the Sale,2,5974,False,4.1,Hypnos,False,5,Mid-Low,26,8073.0,High-Spec,5270.0,High Reviews (>500),2025-11-15 04:41:00.741027840,2025-11-15 04:41:00.741027840,04:41:00.741027,Recent Reviews
GREEN,"₹16,990","4.5(1,457)","(1,457)",Top Discount of the Sale,2,16990,False,4.5,GREEN,False,3,Premium,13,19529.0,High-Spec,1457.0,High Reviews (>500),2024-07-21 04:36:38.461756160,2024-07-21 04:36:38.461756160,04:36:38.461756,Older Reviews
SleepyHug,"₹5,732","4(7,191)","(7,191)",Top Discount of the Sale,2,5732,False,4.0,SleepyHug,False,5,Mid-Low,33,8555.0,Mid-Spec,7191.0,High Reviews (>500),2025-12-20 14:26:41.899207424,2025-12-20 14:26:41.899207424,14:26:41.899207,Recent Reviews
Hypnos,"₹7,965","4.1(5,270)","(5,270)",Top Discount of the Sale,2,7965,False,4.1,Hypnos,False,5,Mid-High,10,8850.0,High-Spec,5270.0,High Reviews (>500),2025-05-26 01:34:15.098855424,2025-05-26 01:34:15.098855424,01:34:15.098855,Older Reviews
SPRINGTEK,"₹5,789","4.2(7,207)","(7,207)",Bank Offer,2,5789,False,4.2,SPRINGTEK,False,6,Mid-Low,24,7617.0,High-Spec,7207.0,High Reviews (>500),2024-02-19 19:30:28.034400256,2024-02-19 19:30:28.034400256,19:30:28.034400,Older Reviews
SPACEX,"₹5,015",4.1(800),(800),Only few left,2,5015,False,4.1,SPACEX,False,6,Entry-Level,35,7715.0,High-Spec,800.0,High Reviews (>500),2025-03-30 01:45:13.230118400,2025-03-30 01:45:13.230118400,01:45:13.230118,Older Reviews
The,"₹16,999",4.3(147),(147),Bank Offer,2,16999,False,4.3,The,False,2,Premium,10,18888.0,High-Spec,147.0,Low Reviews (≤500),2024-09-13 14:50:12.230686464,2024-09-13 14:50:12.230686464,14:50:12.230686,Older Reviews
Artesia,"₹6,999",4.2(151),(151),Top Discount of the Sale,2,6999,False,4.2,Artesia,False,5,Mid-High,17,8433.0,High-Spec,151.0,Low Reviews (≤500),2025-01-21 06:24:49.684360448,2025-01-21 06:24:49.684360448,06:24:49.684360,Older Reviews
DeckUp,"₹5,224","4.3(1,525)","(1,525)",Top Discount of the Sale,2,5224,False,4.3,DeckUp,False,4,Entry-Level,41,8854.0,High-Spec,1525.0,High Reviews (>500),2025-02-17 23:18:27.801521920,2025-02-17 23:18:27.801521920,23:18:27.801521,Older Reviews
LIVPURE,"₹5,699","4.2(5,692)","(5,692)",Bank Offer,2,5699,False,4.2,LIVPURE,False,5,Mid-Low,33,8506.0,High-Spec,5692.0,High Reviews (>500),2024-09-19 22:17:46.969060864,2024-09-19 22:17:46.969060864,22:17:46.969060,Older Reviews
Solis,"₹6,657","4.2(12,440)","(12,440)",Top Discount of the Sale,2,6657,False,4.2,Solis,False,6,Mid-Low,29,9376.0,High-Spec,12440.0,High Reviews (>500),2025-07-01 18:26:05.980106496,2025-07-01 18:26:05.980106496,18:26:05.980106,Older Reviews
SleepyHug,"₹7,097","4(7,191)","(7,191)",Top Discount of the Sale,2,7097,False,4.0,SleepyHug,False,4,Mid-High,20,8871.0,Mid-Spec,7191.0,High Reviews (>500),2025-05-12 23:35:24.970917120,2025-05-12 23:35:24.970917120,23:35:24.970917,Older Reviews
Furniture,"₹6,999","4.4(6,001)","(6,001)",Only few left,2,6999,False,4.4,Furniture,False,5,Mid-High,20,8749.0,High-Spec,6001.0,High Reviews (>500),2024-08-02 20:35:31.356420096,2024-08-02 20:35:31.356420096,20:35:31.356420,Older Reviews
LIVPURE,"₹5,089","4.1(2,573)","(2,573)",Bank Offer,2,5089,False,4.1,LIVPURE,False,5,Entry-Level,31,7375.0,High-Spec,2573.0,High Reviews (>500),2024-09-19 16:05:49.895692544,2024-09-19 16:05:49.895692544,16:05:49.895692,Older Reviews
Sleepyhead,"₹5,539","4.3(53,891)","(53,891)",Top Discount of the Sale,2,5539,False,4.3,Sleepyhead,False,6,Entry-Level,49,10861.0,High-Spec,53891.0,High Reviews (>500),2024-07-13 07:01:57.936983808,2024-07-13 07:01:57.936983808,07:01:57.936983,Older Reviews
THE,"₹12,398",4.2(101),(101),Only few left,2,12398,False,4.2,THE,False,2,Premium,8,13476.0,High-Spec,101.0,Low Reviews (≤500),2025-04-30 09:41:56.657592064,2025-04-30 09:41:56.657592064,09:41:56.657592,Older Reviews
Friends,"₹5,320","4.1(2,886)","(2,886)",Top Discount of the Sale,2,5320,False,4.1,Friends,False,4,Entry-Level,48,10231.0,High-Spec,2886.0,High Reviews (>500),2024-03-13 21:43:38.516630784,2024-03-13 21:43:38.516630784,21:43:38.516630,Older Reviews
Hypnos,"₹12,698","4.3(1,179)","(1,179)",Top Discount of the Sale,2,12698,False,4.3,Hypnos,False,3,Premium,8,13802.0,High-Spec,1179.0,High Reviews (>500),2024-02-12 12:31:31.443611136,2024-02-12 12:31:31.443611136,12:31:31.443611,Older Reviews
SleepyHug,"₹5,459","4(7,191)","(7,191)",Top Discount of the Sale,2,5459,False,4.0,SleepyHug,False,5,Entry-Level,48,10498.0,Mid-Spec,7191.0,High Reviews (>500),2024-08-22 19:54:41.748588544,2024-08-22 19:54:41.748588544,19:54:41.748588,Older Reviews
GOYALSON,"₹5,388",4.1(302),(302),Bank Offer,2,5388,False,4.1,GOYALSON,False,5,Entry-Level,42,9290.0,High-Spec,302.0,Low Reviews (≤500),2025-08-02 12:50:32.263202560,2025-08-02 12:50:32.263202560,12:50:32.263202,Recent Reviews
Wooden,"₹7,299",4(91),(91),Top Discount of the Sale,2,7299,False,4.0,Wooden,False,5,Mid-High,19,9011.0,Mid-Spec,91.0,Low Reviews (≤500),2025-10-24 05:19:09.419459328,2025-10-24 05:19:09.419459328,05:19:09.419459,Recent Reviews
Little,"₹8,548","4(2,997)","(2,997)",Only few left,2,8548,False,4.0,Little,False,5,Mid-High,23,11101.0,Mid-Spec,2997.0,High Reviews (>500),2024-07-05 05:44:57.467874304,2024-07-05 05:44:57.467874304,05:44:57.467874,Older Reviews
Loom,"₹5,796","4.1(3,422)","(3,422)",Bank Offer,2,5796,False,4.1,Loom,False,5,Mid-Low,20,7245.0,High-Spec,3422.0,High Reviews (>500),2024-03-25 09:59:38.598285568,2024-03-25 09:59:38.598285568,09:59:38.598285,Older Reviews
Livpure,"₹7,054","4.2(5,121)","(5,121)",Top Discount of the Sale,2,7054,False,4.2,Livpure,False,6,Mid-High,11,7926.0,High-Spec,5121.0,High Reviews (>500),2025-04-28 15:50:45.182997504,2025-04-28 15:50:45.182997504,15:50:45.182997,Older Reviews
Artesia,"₹5,299",4.2(368),(368),Top Discount of the Sale,2,5299,False,4.2,Artesia,False,5,Entry-Level,37,8411.0,High-Spec,368.0,Low Reviews (≤500),2024-03-19 17:43:45.277139200,2024-03-19 17:43:45.277139200,17:43:45.277139,Older Reviews
SPYDER,"₹7,650","4.2(1,279)","(1,279)",Top Discount of the Sale,2,7650,False,4.2,SPYDER,False,6,Mid-High,12,8693.0,High-Spec,1279.0,High Reviews (>500),2024-10-28 08:56:37.733009664,2024-10-28 08:56:37.733009664,08:56:37.733009,Older Reviews
Furniture,"₹6,998","4.4(6,001)","(6,001)",Only few left,2,6998,False,4.4,Furniture,False,5,Mid-High,18,8534.0,High-Spec,6001.0,High Reviews (>500),2024-11-13 17:18:13.690129664,2024-11-13 17:18:13.690129664,17:18:13.690129,Older Reviews
zidle,"₹5,046",4.4(58),(58),Top Discount of the Sale,2,5046,False,4.4,zidle,False,5,Entry-Level,30,7209.0,High-Spec,58.0,Low Reviews (≤500),2024-02-24 08:52:15.620737024,2024-02-24 08:52:15.620737024,08:52:15.620737,Older Reviews
GREEN,"₹7,990","4.1(4,762)","(4,762)",Bank Offer,2,7990,False,4.1,GREEN,False,6,Mid-High,19,9864.0,High-Spec,4762.0,High Reviews (>500),2025-12-13 11:24:44.011907840,2025-12-13 11:24:44.011907840,11:24:44.011907,Recent Reviews
Newturn,"₹7,588",4(117),(117),Top Discount of the Sale,2,7588,False,4.0,Newturn,False,4,Mid-High,16,9033.0,Mid-Spec,117.0,Low Reviews (≤500),2025-03-29 01:08:14.627022336,2025-03-29 01:08:14.627022336,01:08:14.627022,Older Reviews
Wakefit,"₹5,013","4.4(40,088)","(40,088)",Top Discount of the Sale,2,5013,False,4.4,Wakefit,False,6,Entry-Level,36,7833.0,High-Spec,40088.0,High Reviews (>500),2024-06-08 10:37:08.943176960,2024-06-08 10:37:08.943176960,10:37:08.943176,Older Reviews
Flipkart,"₹5,099",4.2(292),(292),Top Discount of the Sale,2,5099,False,4.2,Flipkart,False,6,Entry-Level,45,9271.0,High-Spec,292.0,Low Reviews (≤500),2024-07-01 23:42:43.063866368,2024-07-01 23:42:43.063866368,23:42:43.063866,Older Reviews
Kendalwood,"₹5,640",4.3(709),(709),Top Discount of the Sale,2,5640,False,4.3,Kendalwood,False,5,Mid-Low,32,8294.0,High-Spec,709.0,High Reviews (>500),2024-07-07 03:55:58.945351424,2024-07-07 03:55:58.945351424,03:55:58.945351,Older Reviews
FLO,"₹6,258","4.1(8,216)","(8,216)",Top Discount of the Sale,3,6258,False,4.1,FLO,False,5,Mid-Low,30,8940.0,High-Spec,8216.0,High Reviews (>500),2025-05-04 07:33:41.703302144,2025-05-04 07:33:41.703302144,07:33:41.703302,Older Reviews
Wakefit,"₹5,948","4.4(1,51,210)","(1,51,210)",Top Discount of the Sale,3,5948,False,4.4,Wakefit,False,4,Mid-Low,20,7435.0,High-Spec,151210.0,High Reviews (>500),2025-02-01 01:57:05.657150208,2025-02-01 01:57:05.657150208,01:57:05.657150,Older Reviews
Kendalwood,"₹5,640",4.2(683),(683),Only few left,3,5640,False,4.2,Kendalwood,False,6,Mid-Low,28,7833.0,High-Spec,683.0,High Reviews (>500),2024-07-05 21:50:19.626466816,2024-07-05 21:50:19.626466816,21:50:19.626466,Older Reviews
Flipkart,"₹5,326",4.2(928),(928),Only few left,3,5326,False,4.2,Flipkart,False,6,Entry-Level,49,10443.0,High-Spec,928.0,High Reviews (>500),2025-05-27 18:55:32.069824256,2025-05-27 18:55:32.069824256,18:55:32.069824,Older Reviews
Florance,"₹5,066",4.8(11),(11),Bank Offer,3,5066,False,4.8,Florance,False,6,Entry-Level,35,7794.0,Premium-Spec,11.0,Low Reviews (≤500),2024-05-09 03:45:30.108304896,2024-05-09 03:45:30.108304896,03:45:30.108304,Older Reviews
SleepyCat,"₹7,181","4.2(4,943)","(4,943)",Top Discount of the Sale,3,7181,False,4.2,SleepyCat,False,6,Mid-High,22,9206.0,High-Spec,4943.0,High Reviews (>500),2024-10-22 21:37:39.426210048,2024-10-22 21:37:39.426210048,21:37:39.426210,Older Reviews
Sleepyhead,"₹5,539","4.4(65,853)","(65,853)",Top Discount of the Sale,3,5539,False,4.4,Sleepyhead,False,6,Entry-Level,30,7913.0,High-Spec,65853.0,High Reviews (>500),2025-12-24 11:09:11.750640384,2025-12-24 11:09:11.750640384,11:09:11.750640,Recent Reviews
Hypnos,"₹5,974","4.1(5,270)","(5,270)",Top Discount of the Sale,3,5974,False,4.1,Hypnos,False,5,Mid-Low,34,9052.0,High-Spec,5270.0,High Reviews (>500),2025-08-25 19:31:58.158479616,2025-08-25 19:31:58.158479616,19:31:58.158479,Recent Reviews
Nilkamal,"₹5,234","4.3(1,369)","(1,369)",Only 5 left,3,5234,False,4.3,Nilkamal,False,4,Entry-Level,47,9875.0,High-Spec,1369.0,High Reviews (>500),2025-05-18 20:16:50.073074944,2025-05-18 20:16:50.073074944,20:16:50.073074,Older Reviews
ASTRIDE,"₹5,399","4.1(9,243)","(9,243)",Only few left,3,5399,False,4.1,ASTRIDE,False,6,Entry-Level,42,9309.0,High-Spec,9243.0,High Reviews (>500),2025-10-29 02:10:31.135353600,2025-10-29 02:10:31.135353600,02:10:31.135353,Recent Reviews
The,"₹11,490","4.2(2,908)","(2,908)",Top Discount of the Sale,3,11490,False,4.2,The,False,2,Premium,5,12095.0,High-Spec,2908.0,High Reviews (>500),2024-04-13 08:12:23.306385152,2024-04-13 08:12:23.306385152,08:12:23.306385,Older Reviews
Hypnos,"₹7,965","4.1(5,270)","(5,270)",Top Discount of the Sale,3,7965,False,4.1,Hypnos,False,6,Mid-High,19,9833.0,High-Spec,5270.0,High Reviews (>500),2025-05-25 00:45:47.739008000,2025-05-25 00:45:47.739008000,00:45:47.739008,Older Reviews
Sleepwell,"₹10,299","4.1(15,062)","(15,062)",Bank Offer,3,10299,False,4.1,Sleepwell,False,3,Premium,11,11572.0,High-Spec,15062.0,High Reviews (>500),2025-12-01 17:21:02.219788544,2025-12-01 17:21:02.219788544,17:21:02.219788,Recent Reviews
GREEN,"₹16,990","4.5(1,457)","(1,457)",Top Discount of the Sale,3,16990,False,4.5,GREEN,False,3,Premium,12,19307.0,High-Spec,1457.0,High Reviews (>500),2025-06-17 14:15:16.154996736,2025-06-17 14:15:16.154996736,14:15:16.154996,Older Reviews
SPRINGTEK,"₹5,789","4.2(7,207)","(7,207)",Bank Offer,3,5789,False,4.2,SPRINGTEK,False,4,Mid-Low,28,8040.0,High-Spec,7207.0,High Reviews (>500),2025-06-08 03:19:32.372163584,2025-06-08 03:19:32.372163584,03:19:32.372163,Older Reviews
NEUDOT,"₹6,999","4.1(1,863)","(1,863)",Top Discount of the Sale,3,6999,False,4.1,NEUDOT,False,4,Mid-High,14,8138.0,High-Spec,1863.0,High Reviews (>500),2025-04-29 23:37:31.954070272,2025-04-29 23:37:31.954070272,23:37:31.954070,Older Reviews
LIVPURE,"₹5,699","4.2(5,692)","(5,692)",Bank Offer,3,5699,False,4.2,LIVPURE,False,5,Mid-Low,27,7807.0,High-Spec,5692.0,High Reviews (>500),2025-11-24 17:28:09.942472960,2025-11-24 17:28:09.942472960,17:28:09.942472,Recent Reviews
Artesia,"₹6,999",4.2(151),(151),Top Discount of the Sale,3,6999,False,4.2,Artesia,False,5,Mid-High,14,8138.0,High-Spec,151.0,Low Reviews (≤500),2025-02-17 10:36:53.629468160,2025-02-17 10:36:53.629468160,10:36:53.629468,Older Reviews
CELLBELL,"₹6,398","4(19,803)","(19,803)",Top Discount of the Sale,3,6398,False,4.0,CELLBELL,False,4,Mid-Low,34,9694.0,Mid-Spec,19803.0,High Reviews (>500),2025-04-12 04:54:08.144912384,2025-04-12 04:54:08.144912384,04:54:08.144912,Older Reviews
SleepyHug,"₹5,732","4(7,191)","(7,191)",Top Discount of the Sale,3,5732,False,4.0,SleepyHug,False,5,Mid-Low,25,7643.0,Mid-Spec,7191.0,High Reviews (>500),2024-05-05 14:29:29.497954048,2024-05-05 14:29:29.497954048,14:29:29.497954,Older Reviews
Solis,"₹6,657","4.2(12,440)","(12,440)",Top Discount of the Sale,3,6657,False,4.2,Solis,False,4,Mid-Low,25,8876.0,High-Spec,12440.0,High Reviews (>500),2025-05-19 00:22:35.950974976,2025-05-19 00:22:35.950974976,00:22:35.950974,Older Reviews
The,"₹13,390","4.2(2,908)","(2,908)",Bank Offer,3,13390,False,4.2,The,False,2,Premium,8,14554.0,High-Spec,2908.0,High Reviews (>500),2024-08-18 12:21:19.544101120,2024-08-18 12:21:19.544101120,12:21:19.544101,Older Reviews
SPACEX,"₹5,015",4.1(800),(800),Only few left,3,5015,False,4.1,SPACEX,False,4,Entry-Level,33,7485.0,High-Spec,800.0,High Reviews (>500),2024-07-11 13:40:24.958828032,2024-07-11 13:40:24.958828032,13:40:24.958828,Older Reviews
NEUDOT,"₹6,999","4.2(2,281)","(2,281)",Only few left,3,6999,False,4.2,NEUDOT,False,4,Mid-High,23,9090.0,High-Spec,2281.0,High Reviews (>500),2024-09-12 04:57:32.939084288,2024-09-12 04:57:32.939084288,04:57:32.939084,Older Reviews
LIVPURE,"₹5,089","4.1(2,573)","(2,573)",Bank Offer,3,5089,False,4.1,LIVPURE,False,6,Entry-Level,36,7952.0,High-Spec,2573.0,High Reviews (>500),2025-11-13 13:58:26.189697536,2025-11-13 13:58:26.189697536,13:58:26.189697,Recent Reviews
The,"₹16,999",4.3(147),(147),Bank Offer,3,16999,False,4.3,The,False,2,Premium,5,17894.0,High-Spec,147.0,Low Reviews (≤500),2024-03-12 05:03:13.129370368,2024-03-12 05:03:13.129370368,05:03:13.129370,Older Reviews
GOYALSON,"₹5,388",4.1(302),(302),Bank Offer,3,5388,False,4.1,GOYALSON,False,5,Entry-Level,37,8552.0,High-Spec,302.0,Low Reviews (≤500),2025-05-31 01:11:23.964711168,2025-05-31 01:11:23.964711168,01:11:23.964711,Older Reviews
Friends,"₹6,765","4.2(3,181)","(3,181)",Top Discount of the Sale,3,6765,False,4.2,Friends,False,4,Mid-High,19,8352.0,High-Spec,3181.0,High Reviews (>500),2024-03-20 15:55:27.192362752,2024-03-20 15:55:27.192362752,15:55:27.192362,Older Reviews
DeckUp,"₹5,224","4.3(1,525)","(1,525)",Top Discount of the Sale,3,5224,False,4.3,DeckUp,False,5,Entry-Level,46,9674.0,High-Spec,1525.0,High Reviews (>500),2026-01-20 19:30:16.268145920,2026-01-20 19:30:16.268145920,19:30:16.268145,Recent Reviews
SleepyHug,"₹6,915","4(7,191)","(7,191)",Top Discount of the Sale,3,6915,False,4.0,SleepyHug,False,5,Mid-High,12,7858.0,Mid-Spec,7191.0,High Reviews (>500),2025-08-20 23:20:36.090722560,2025-08-20 23:20:36.090722560,23:20:36.090722,Recent Reviews
Sleepyhead,"₹5,539","4.3(53,891)","(53,891)",Top Discount of the Sale,3,5539,False,4.3,Sleepyhead,False,5,Entry-Level,37,8792.0,High-Spec,53891.0,High Reviews (>500),2024-08-14 20:33:22.728109056,2024-08-14 20:33:22.728109056,20:33:22.728109,Older Reviews
Hypnos,"₹12,698","4.3(1,179)","(1,179)",Top Discount of the Sale,3,12698,False,4.3,Hypnos,False,3,Premium,9,13954.0,High-Spec,1179.0,High Reviews (>500),2024-05-27 20:02:43.529033472,2024-05-27 20:02:43.529033472,20:02:43.529033,Older Reviews
SleepyHug,"₹7,097","4(7,191)","(7,191)",Top Discount of the Sale,3,7097,False,4.0,SleepyHug,False,4,Mid-High,19,8762.0,Mid-Spec,7191.0,High Reviews (>500),2024-02-20 07:19:00.472717312,2024-02-20 07:19:00.472717312,07:19:00.472717,Older Reviews
Furniture,"₹6,999","4.4(6,001)","(6,001)",Only few left,3,6999,False,4.4,Furniture,False,6,Mid-High,20,8749.0,High-Spec,6001.0,High Reviews (>500),2024-03-17 20:58:57.369212672,2024-03-17 20:58:57.369212672,20:58:57.369212,Older Reviews
The,"₹22,790","4.2(2,908)","(2,908)",Top Discount of the Sale,3,22790,False,4.2,The,False,2,Premium,14,26500.0,High-Spec,2908.0,High Reviews (>500),2024-06-09 09:30:18.749396480,2024-06-09 09:30:18.749396480,09:30:18.749396,Older Reviews
THE,"₹12,398",4.2(101),(101),Only few left,3,12398,False,4.2,THE,False,3,Premium,13,14251.0,High-Spec,101.0,Low Reviews (≤500),2025-09-10 23:09:01.028735744,2025-09-10 23:09:01.028735744,23:09:01.028735,Recent Reviews
Wooden,"₹7,299",4(91),(91),Top Discount of the Sale,3,7299,False,4.0,Wooden,False,6,Mid-High,21,9239.0,Mid-Spec,91.0,Low Reviews (≤500),2025-07-15 17:39:14.439414016,2025-07-15 17:39:14.439414016,17:39:14.439414,Older Reviews
Livpure,"₹7,054","4.2(5,121)","(5,121)",Top Discount of the Sale,3,7054,False,4.2,Livpure,False,6,Mid-High,10,7838.0,High-Spec,5121.0,High Reviews (>500),2026-01-22 17:38:46.345968384,2026-01-22 17:38:46.345968384,17:38:46.345968,Recent Reviews
Flipkart,"₹8,799","4(11,808)","(11,808)",Bank Offer,3,8799,False,4.0,Flipkart,False,4,Mid-High,20,10999.0,Mid-Spec,11808.0,High Reviews (>500),2024-07-12 21:18:33.015337984,2024-07-12 21:18:33.015337984,21:18:33.015337,Older Reviews
Friends,"₹5,320","4.1(2,886)","(2,886)",Top Discount of the Sale,3,5320,False,4.1,Friends,False,5,Entry-Level,41,9017.0,High-Spec,2886.0,High Reviews (>500),2025-10-17 09:52:29.915976448,2025-10-17 09:52:29.915976448,09:52:29.915976,Recent Reviews
FLO,"₹6,258","4.1(8,216)","(8,216)",Top Discount of the Sale,4,6258,False,4.1,FLO,False,4,Mid-Low,31,9070.0,High-Spec,8216.0,High Reviews (>500),2025-10-05 10:28:24.007740160,2025-10-05 10:28:24.007740160,10:28:24.007740,Recent Reviews
Wakefit,"₹5,948","4.4(1,51,210)","(1,51,210)",Top Discount of the Sale,4,5948,False,4.4,Wakefit,False,4,Mid-Low,29,8377.0,High-Spec,151210.0,High Reviews (>500),2024-03-26 20:22:35.952540160,2024-03-26 20:22:35.952540160,20:22:35.952540,Older Reviews
The,"₹16,999",4.3(147),(147),Bank Offer,4,16999,False,4.3,The,False,2,Premium,7,18278.0,High-Spec,147.0,Low Reviews (≤500),2024-11-11 19:54:14.769746176,2024-11-11 19:54:14.769746176,19:54:14.769746,Older Reviews
Sasimo,"₹5,929","4(1,116)","(1,116)",Only few left,4,5929,False,4.0,Sasimo,False,6,Mid-Low,28,8235.0,Mid-Spec,1116.0,High Reviews (>500),2025-01-22 20:47:04.022980864,2025-01-22 20:47:04.022980864,20:47:04.022980,Older Reviews
Sleepyhead,"₹5,539","4.4(65,853)","(65,853)",Top Discount of the Sale,4,5539,False,4.4,Sleepyhead,False,6,Entry-Level,42,9550.0,High-Spec,65853.0,High Reviews (>500),2025-06-24 06:58:50.063818496,2025-06-24 06:58:50.063818496,06:58:50.063818,Older Reviews
Duroflex,"₹7,839","4.3(12,209)","(12,209)",Top Discount of the Sale,4,7839,False,4.3,Duroflex,False,4,Mid-High,19,9678.0,High-Spec,12209.0,High Reviews (>500),2024-01-24 00:07:04.234673152,2024-01-24 00:07:04.234673152,00:07:04.234673,Older Reviews
Florance,"₹5,066",4.8(11),(11),Bank Offer,4,5066,False,4.8,Florance,False,6,Entry-Level,49,9933.0,Premium-Spec,11.0,Low Reviews (≤500),2025-01-09 22:45:54.822591232,2025-01-09 22:45:54.822591232,22:45:54.822591,Older Reviews
Hypnos,"₹5,974","4.1(5,270)","(5,270)",Top Discount of the Sale,4,5974,False,4.1,Hypnos,False,5,Mid-Low,26,8073.0,High-Spec,5270.0,High Reviews (>500),2024-09-14 06:46:59.141915136,2024-09-14 06:46:59.141915136,06:46:59.141915,Older Reviews
Nilkamal,"₹5,539","4(9,347)","(9,347)",Only few left,4,5539,False,4.0,Nilkamal,False,4,Entry-Level,46,10257.0,Mid-Spec,9347.0,High Reviews (>500),2025-01-21 04:42:49.377021696,2025-01-21 04:42:49.377021696,04:42:49.377021,Older Reviews
GREEN,"₹11,990",4.4(280),(280),Bank Offer,4,11990,False,4.4,GREEN,False,3,Premium,13,13782.0,High-Spec,280.0,Low Reviews (≤500),2024-03-06 10:11:47.738938368,2024-03-06 10:11:47.738938368,10:11:47.738938,Older Reviews
Hypnos,"₹7,965","4.1(5,270)","(5,270)",Top Discount of the Sale,4,7965,False,4.1,Hypnos,False,6,Mid-High,10,8850.0,High-Spec,5270.0,High Reviews (>500),2025-03-04 01:44:22.435682304,2025-03-04 01:44:22.435682304,01:44:22.435682,Older Reviews
SPRINGTEK,"₹5,789","4.2(7,207)","(7,207)",Bank Offer,4,5789,False,4.2,SPRINGTEK,False,4,Mid-Low,25,7719.0,High-Spec,7207.0,High Reviews (>500),2025-07-16 08:13:53.843872000,2025-07-16 08:13:53.843872000,08:13:53.843872,Older Reviews
GREEN,"₹15,490",4.4(64),(64),Only 2 left,4,15490,False,4.4,GREEN,False,3,Premium,10,17211.0,High-Spec,64.0,Low Reviews (≤500),2025-08-31 06:27:39.828183808,2025-08-31 06:27:39.828183808,06:27:39.828183,Recent Reviews
Kendalwood,"₹24,440",4.1(904),(904),Top Discount of the Sale,4,24440,False,4.1,Kendalwood,False,3,Premium,14,28419.0,High-Spec,904.0,High Reviews (>500),2024-05-16 21:03:58.211889920,2024-05-16 21:03:58.211889920,21:03:58.211889,Older Reviews
Artesia,"₹6,999",4.2(151),(151),Top Discount of the Sale,4,6999,False,4.2,Artesia,False,4,Mid-High,16,8332.0,High-Spec,151.0,Low Reviews (≤500),2025-02-07 17:20:37.687585280,2025-02-07 17:20:37.687585280,17:20:37.687585,Older Reviews
Sleepyhead,"₹12,299",4.2(483),(483),Top Discount of the Sale,4,12299,False,4.2,Sleepyhead,False,2,Premium,6,13084.0,High-Spec,483.0,Low Reviews (≤500),2025-09-27 01:27:14.404014848,2025-09-27 01:27:14.404014848,01:27:14.404014,Recent Reviews
LIVPURE,"₹5,699","4.2(5,692)","(5,692)",Bank Offer,4,5699,False,4.2,LIVPURE,False,6,Mid-Low,28,7915.0,High-Spec,5692.0,High Reviews (>500),2025-11-06 09:11:06.505469696,2025-11-06 09:11:06.505469696,09:11:06.505469,Recent Reviews
Solis,"₹6,657","4.2(12,440)","(12,440)",Top Discount of the Sale,4,6657,False,4.2,Solis,False,6,Mid-Low,29,9376.0,High-Spec,12440.0,High Reviews (>500),2024-12-31 13:11:59.497904128,2024-12-31 13:11:59.497904128,13:11:59.497904,Older Reviews
Cello,"₹6,199","4.1(2,212)","(2,212)",Bank Offer,4,6199,False,4.1,Cello,False,6,Mid-Low,33,9252.0,High-Spec,2212.0,High Reviews (>500),2025-06-12 20:20:21.023241472,2025-06-12 20:20:21.023241472,20:20:21.023241,Older Reviews
SPRINGTEK,"₹5,049","4.3(14,165)","(14,165)",Top Discount of the Sale,4,5049,False,4.3,SPRINGTEK,False,4,Entry-Level,44,9016.0,High-Spec,14165.0,High Reviews (>500),2024-10-30 22:50:46.809766400,2024-10-30 22:50:46.809766400,22:50:46.809766,Older Reviews
LIVPURE,"₹5,089","4.1(2,573)","(2,573)",Bank Offer,4,5089,False,4.1,LIVPURE,False,5,Entry-Level,43,8928.0,High-Spec,2573.0,High Reviews (>500),2024-04-12 02:03:22.668867584,2024-04-12 02:03:22.668867584,02:03:22.668867,Older Reviews
Sleepyhead,"₹5,539","4.3(53,891)","(53,891)",Top Discount of the Sale,4,5539,False,4.3,Sleepyhead,False,5,Entry-Level,48,10652.0,High-Spec,53891.0,High Reviews (>500),2025-01-06 19:35:24.553490176,2025-01-06 19:35:24.553490176,19:35:24.553490,Older Reviews
Duroflex,"₹7,919","4.3(21,260)","(21,260)",Top Discount of the Sale,4,7919,False,4.3,Duroflex,False,4,Mid-High,19,9777.0,High-Spec,21260.0,High Reviews (>500),2024-08-16 12:09:28.833604352,2024-08-16 12:09:28.833604352,12:09:28.833604,Older Reviews
The,"₹14,940",4.1(514),(514),Bank Offer,4,14940,False,4.1,The,False,3,Premium,6,15894.0,High-Spec,514.0,High Reviews (>500),2025-10-06 04:41:47.448937216,2025-10-06 04:41:47.448937216,04:41:47.448937,Recent Reviews
Hypnos,"₹12,698","4.3(1,179)","(1,179)",Top Discount of the Sale,4,12698,False,4.3,Hypnos,False,3,Premium,11,14267.0,High-Spec,1179.0,High Reviews (>500),2024-09-11 13:06:57.748655872,2024-09-11 13:06:57.748655872,13:06:57.748655,Older Reviews
Featherlite,"₹10,249","4.4(1,629)","(1,629)",Only few left,4,10249,False,4.4,Featherlite,False,3,Premium,14,11917.0,High-Spec,1629.0,High Reviews (>500),2025-06-25 19:41:09.224218624,2025-06-25 19:41:09.224218624,19:41:09.224218,Older Reviews
GOYALSON,"₹5,388",4.1(302),(302),Bank Offer,4,5388,False,4.1,GOYALSON,False,4,Entry-Level,31,7809.0,High-Spec,302.0,Low Reviews (≤500),2025-12-27 23:30:27.052725760,2025-12-27 23:30:27.052725760,23:30:27.052725,Recent Reviews
Friends,"₹6,765","4.2(3,181)","(3,181)",Top Discount of the Sale,4,6765,False,4.2,Friends,False,5,Mid-High,23,8786.0,High-Spec,3181.0,High Reviews (>500),2025-08-16 06:03:28.212864000,2025-08-16 06:03:28.212864000,06:03:28.212864,Recent Reviews
Flipkart,"₹6,259",4(275),(275),Only few left,4,6259,False,4.0,Flipkart,False,6,Mid-Low,24,8236.0,Mid-Spec,275.0,Low Reviews (≤500),2025-08-01 06:46:55.937338112,2025-08-01 06:46:55.937338112,06:46:55.937338,Recent Reviews
ASTRIDE,"₹5,399","4.1(9,243)","(9,243)",Only few left,4,5399,False,4.1,ASTRIDE,False,5,Entry-Level,32,7940.0,High-Spec,9243.0,High Reviews (>500),2024-08-01 06:28:11.113313280,2024-08-01 06:28:11.113313280,06:28:11.113313,Older Reviews
Wooden,"₹7,299",4(91),(91),Top Discount of the Sale,4,7299,False,4.0,Wooden,False,4,Mid-High,19,9011.0,Mid-Spec,91.0,Low Reviews (≤500),2025-01-24 16:40:55.318534656,2025-01-24 16:40:55.318534656,16:40:55.318534,Older Reviews
Livpure,"₹7,054","4.2(5,121)","(5,121)",Top Discount of the Sale,4,7054,False,4.2,Livpure,False,5,Mid-High,11,7926.0,High-Spec,5121.0,High Reviews (>500),2025-04-05 15:29:52.698609152,2025-04-05 15:29:52.698609152,15:29:52.698609,Older Reviews
Oakcraft,"₹7,199",4(594),(594),Top Discount of the Sale,4,7199,False,4.0,Oakcraft,False,6,Mid-High,21,9113.0,Mid-Spec,594.0,High Reviews (>500),2025-06-27 17:34:18.246906624,2025-06-27 17:34:18.246906624,17:34:18.246906,Older Reviews
Kendalwood,"₹8,460",4.3(709),(709),Only few left,4,8460,False,4.3,Kendalwood,False,6,Mid-High,14,9837.0,High-Spec,709.0,High Reviews (>500),2026-01-17 19:27:07.531149056,2026-01-17 19:27:07.531149056,19:27:07.531149,Recent Reviews
Sleepwell,"₹10,299","4.1(15,062)","(15,062)",Bank Offer,4,10299,False,4.1,Sleepwell,False,2,Premium,14,11976.0,High-Spec,15062.0,High Reviews (>500),2025-01-31 11:26:44.992907776,2025-01-31 11:26:44.992907776,11:26:44.992907,Older Reviews
Wakefit,"₹6,458","4.4(40,088)","(40,088)",Top Discount of the Sale,4,6458,False,4.4,Wakefit,False,4,Mid-Low,32,9497.0,High-Spec,40088.0,High Reviews (>500),2024-11-23 23:17:53.684865792,2024-11-23 23:17:53.684865792,23:17:53.684865,Older Reviews
Furniture,"₹6,999","4.4(6,001)","(6,001)",Bank Offer,4,6999,False,4.4,Furniture,False,6,Mid-High,20,8749.0,High-Spec,6001.0,High Reviews (>500),2025-12-04 22:22:49.666901504,2025-12-04 22:22:49.666901504,22:22:49.666901,Recent Reviews
Artesia,"₹5,299",4.2(368),(368),Top Discount of the Sale,4,5299,False,4.2,Artesia,False,6,Entry-Level,49,10390.0,High-Spec,368.0,Low Reviews (≤500),2024-10-05 06:10:45.395206400,2024-10-05 06:10:45.395206400,06:10:45.395206,Older Reviews
Taskwood,"₹15,942",4.1(840),(840),Top Discount of the Sale,4,15942,False,4.1,Taskwood,False,2,Premium,11,17912.0,High-Spec,840.0,High Reviews (>500),2025-09-04 10:40:23.577827584,2025-09-04 10:40:23.577827584,10:40:23.577827,Recent Reviews
SleepyHug,"₹6,915","4(7,191)","(7,191)",Top Discount of the Sale,4,6915,False,4.0,SleepyHug,False,4,Mid-High,23,8981.0,Mid-Spec,7191.0,High Reviews (>500),2026-01-01 16:41:19.107192576,2026-01-01 16:41:19.107192576,16:41:19.107192,Recent Reviews
FLO,"₹6,258","4.1(8,216)","(8,216)",Top Discount of the Sale,5,6258,False,4.1,FLO,False,6,Mid-Low,26,8457.0,High-Spec,8216.0,High Reviews (>500),2025-06-24 15:46:00.558663936,2025-06-24 15:46:00.558663936,15:46:00.558663,Older Reviews
Wakefit,"₹5,948","4.4(1,51,210)","(1,51,210)",Top Discount of the Sale,5,5948,False,4.4,Wakefit,False,6,Mid-Low,32,8747.0,High-Spec,151210.0,High Reviews (>500),2024-11-01 05:54:13.073524992,2024-11-01 05:54:13.073524992,05:54:13.073524,Older Reviews
Duroflex,"₹10,359","4.3(3,180)","(3,180)",Top Discount of the Sale,5,10359,False,4.3,Duroflex,False,2,Premium,11,11639.0,High-Spec,3180.0,High Reviews (>500),2025-03-31 04:12:45.410538496,2025-03-31 04:12:45.410538496,04:12:45.410538,Older Reviews
Seventh,"₹26,499",4(821),(821),Bank Offer,5,26499,False,4.0,Seventh,False,2,Premium,11,29774.0,Mid-Spec,821.0,High Reviews (>500),2024-04-29 02:38:18.800558592,2024-04-29 02:38:18.800558592,02:38:18.800558,Older Reviews
Sleepyhead,"₹5,539","4.4(65,853)","(65,853)",Top Discount of the Sale,5,5539,False,4.4,Sleepyhead,False,4,Entry-Level,30,7913.0,High-Spec,65853.0,High Reviews (>500),2024-07-10 16:09:19.548377600,2024-07-10 16:09:19.548377600,16:09:19.548377,Older Reviews
Kendalwood,"₹5,640",4.3(709),(709),Top Discount of the Sale,5,5640,False,4.3,Kendalwood,False,6,Mid-Low,30,8057.0,High-Spec,709.0,High Reviews (>500),2025-05-20 09:01:14.582720512,2025-05-20 09:01:14.582720512,09:01:14.582720,Older Reviews
Florance,"₹5,066",4.8(11),(11),Bank Offer,5,5066,False,4.8,Florance,False,5,Entry-Level,49,9933.0,Premium-Spec,11.0,Low Reviews (≤500),2025-06-02 21:46:43.033239296,2025-06-02 21:46:43.033239296,21:46:43.033239,Older Reviews
Hypnos,"₹5,974","4.1(5,270)","(5,270)",Top Discount of the Sale,5,5974,False,4.1,Hypnos,False,6,Mid-Low,27,8184.0,High-Spec,5270.0,High Reviews (>500),2025-08-09 06:54:05.187851520,2025-08-09 06:54:05.187851520,06:54:05.187851,Recent Reviews
KURLON,"₹12,999","4.1(5,297)","(5,297)",Top Discount of the Sale,5,12999,False,4.1,KURLON,False,2,Premium,7,13977.0,High-Spec,5297.0,High Reviews (>500),2025-12-30 00:00:22.876814592,2025-12-30 00:00:22.876814592,00:00:22.876814,Recent Reviews
Seventh,"₹11,729",4(358),(358),Bank Offer,5,11729,False,4.0,Seventh,False,2,Premium,13,13482.0,Mid-Spec,358.0,Low Reviews (≤500),2025-05-18 13:01:53.823498240,2025-05-18 13:01:53.823498240,13:01:53.823498,Older Reviews
Hypnos,"₹7,965","4.1(5,270)","(5,270)",Top Discount of the Sale,5,7965,False,4.1,Hypnos,False,5,Mid-High,19,9833.0,High-Spec,5270.0,High Reviews (>500),2025-09-09 19:08:41.099854848,2025-09-09 19:08:41.099854848,19:08:41.099854,Recent Reviews
SPRINGTEK,"₹5,789","4.2(7,207)","(7,207)",Bank Offer,5,5789,False,4.2,SPRINGTEK,False,6,Mid-Low,24,7617.0,High-Spec,7207.0,High Reviews (>500),2025-05-19 23:05:19.184181248,2025-05-19 23:05:19.184181248,23:05:19.184181,Older Reviews
SleepyHug,"₹5,368","4(7,191)","(7,191)",Top Discount of the Sale,5,5368,False,4.0,SleepyHug,False,6,Entry-Level,32,7894.0,Mid-Spec,7191.0,High Reviews (>500),2024-03-10 14:53:08.812524288,2024-03-10 14:53:08.812524288,14:53:08.812524,Older Reviews
Flipkart,"₹5,499",4.2(360),(360),Only few left,5,5499,False,4.2,Flipkart,False,4,Entry-Level,36,8592.0,High-Spec,360.0,Low Reviews (≤500),2024-12-23 00:49:37.395597568,2024-12-23 00:49:37.395597568,00:49:37.395597,Older Reviews
Artesia,"₹6,999",4.2(151),(151),Top Discount of the Sale,5,6999,False,4.2,Artesia,False,4,Mid-High,13,8045.0,High-Spec,151.0,Low Reviews (≤500),2025-10-15 19:20:37.821611264,2025-10-15 19:20:37.821611264,19:20:37.821611,Recent Reviews
Wakefit,"₹9,999",4.5(645),(645),Bank Offer,5,9999,False,4.5,Wakefit,False,3,Premium,7,10752.0,High-Spec,645.0,High Reviews (>500),2024-04-06 02:35:24.559030528,2024-04-06 02:35:24.559030528,02:35:24.559030,Older Reviews
LIVPURE,"₹5,699","4.2(5,692)","(5,692)",Bank Offer,5,5699,False,4.2,LIVPURE,False,4,Mid-Low,23,7401.0,High-Spec,5692.0,High Reviews (>500),2024-05-24 23:32:01.592299776,2024-05-24 23:32:01.592299776,23:32:01.592299,Older Reviews
Solis,"₹6,657","4.2(12,440)","(12,440)",Top Discount of the Sale,5,6657,False,4.2,Solis,False,5,Mid-Low,20,8321.0,High-Spec,12440.0,High Reviews (>500),2024-08-27 11:49:01.310080256,2024-08-27 11:49:01.310080256,11:49:01.310080,Older Reviews
Nilkamal,"₹6,158",4.2(426),(426),Only few left,5,6158,False,4.2,Nilkamal,False,4,Mid-Low,26,8322.0,High-Spec,426.0,Low Reviews (≤500),2025-07-05 22:50:35.055104768,2025-07-05 22:50:35.055104768,22:50:35.055104,Older Reviews
NEUDOT,"₹6,999","4.2(2,281)","(2,281)",Only few left,5,6999,False,4.2,NEUDOT,False,6,Mid-High,18,8535.0,High-Spec,2281.0,High Reviews (>500),2024-03-28 23:30:29.731518720,2024-03-28 23:30:29.731518720,23:30:29.731518,Older Reviews
LIVPURE,"₹5,089","4.1(2,573)","(2,573)",Bank Offer,5,5089,False,4.1,LIVPURE,False,6,Entry-Level,43,8928.0,High-Spec,2573.0,High Reviews (>500),2025-06-14 16:10:29.489648384,2025-06-14 16:10:29.489648384,16:10:29.489648,Older Reviews
Sleepyhead,"₹5,539","4.3(53,891)","(53,891)",Top Discount of the Sale,5,5539,False,4.3,Sleepyhead,False,6,Entry-Level,32,8146.0,High-Spec,53891.0,High Reviews (>500),2024-04-23 10:26:13.830566912,2024-04-23 10:26:13.830566912,10:26:13.830566,Older Reviews
beaatho,"₹6,999","4.1(3,481)","(3,481)",Top Discount of the Sale,5,6999,False,4.1,beaatho,False,4,Mid-High,16,8332.0,High-Spec,3481.0,High Reviews (>500),2024-05-17 20:34:17.417286912,2024-05-17 20:34:17.417286912,20:34:17.417286,Older Reviews
Godrej,"₹32,490",4.2(5),(5),Only few left,5,32490,False,4.2,Godrej,False,2,Premium,7,34935.0,High-Spec,5.0,Low Reviews (≤500),2024-05-09 20:23:23.206571264,2024-05-09 20:23:23.206571264,20:23:23.206571,Older Reviews
Hypnos,"₹12,698","4.3(1,179)","(1,179)",Top Discount of the Sale,5,12698,False,4.3,Hypnos,False,2,Premium,11,14267.0,High-Spec,1179.0,High Reviews (>500),2025-05-12 06:28:28.471461120,2025-05-12 06:28:28.471461120,06:28:28.471461,Older Reviews
SPECIALITY,"₹8,589","4(1,126)","(1,126)",Top Discount of the Sale,5,8589,False,4.0,SPECIALITY,False,5,Mid-High,20,10736.0,Mid-Spec,1126.0,High Reviews (>500),2024-09-25 11:53:39.910259456,2024-09-25 11:53:39.910259456,11:53:39.910259,Older Reviews
GOYALSON,"₹5,388",4.1(302),(302),Bank Offer,5,5388,False,4.1,GOYALSON,False,4,Entry-Level,43,9453.0,High-Spec,302.0,Low Reviews (≤500),2025-03-05 10:03:44.758937856,2025-03-05 10:03:44.758937856,10:03:44.758937,Older Reviews
Wooden,"₹7,299",4(91),(91),Top Discount of the Sale,5,7299,False,4.0,Wooden,False,4,Mid-High,14,8487.0,Mid-Spec,91.0,Low Reviews (≤500),2025-12-22 01:08:12.819918336,2025-12-22 01:08:12.819918336,01:08:12.819918,Recent Reviews
SPRINGTEK,"₹5,901","4.3(8,096)","(8,096)",Top Discount of the Sale,5,5901,False,4.3,SPRINGTEK,False,5,Mid-Low,32,8678.0,High-Spec,8096.0,High Reviews (>500),2024-01-26 19:56:03.075723008,2024-01-26 19:56:03.075723008,19:56:03.075723,Older Reviews
Solis,"₹6,657","4.2(12,440)","(12,440)",Top Discount of the Sale,5,6657,False,4.2,Solis,False,6,Mid-Low,30,9510.0,High-Spec,12440.0,High Reviews (>500),2024-08-16 13:04:51.792697600,2024-08-16 13:04:51.792697600,13:04:51.792697,Older Reviews
Livpure,"₹7,054","4.2(5,121)","(5,121)",Top Discount of the Sale,5,7054,False,4.2,Livpure,False,5,Mid-High,21,8929.0,High-Spec,5121.0,High Reviews (>500),2024-06-03 11:38:24.558242304,2024-06-03 11:38:24.558242304,11:38:24.558242,Older Reviews
Sleepwell,"₹10,299","4.1(15,062)","(15,062)",Bank Offer,5,10299,False,4.1,Sleepwell,False,3,Premium,8,11195.0,High-Spec,15062.0,High Reviews (>500),2025-10-08 11:55:12.764792832,2025-10-08 11:55:12.764792832,11:55:12.764792,Recent Reviews
Flipkart,"₹12,099",4.1(215),(215),Only few left,5,12099,False,4.1,Flipkart,False,2,Premium,6,12871.0,High-Spec,215.0,Low Reviews (≤500),2025-11-09 17:36:42.276742912,2025-11-09 17:36:42.276742912,17:36:42.276742,Recent Reviews
SPRINGTEK,"₹12,199","4.2(1,542)","(1,542)",Top Discount of the Sale,5,12199,False,4.2,SPRINGTEK,False,3,Premium,6,12978.0,High-Spec,1542.0,High Reviews (>500),2026-01-01 04:53:08.848928000,2026-01-01 04:53:08.848928000,04:53:08.848928,Recent Reviews
Furniture,"₹6,999","4.4(6,001)","(6,001)",Bank Offer,5,6999,False,4.4,Furniture,False,6,Mid-High,14,8138.0,High-Spec,6001.0,High Reviews (>500),2024-02-06 15:39:36.621924864,2024-02-06 15:39:36.621924864,15:39:36.621924,Older Reviews
Sleepwell,"₹5,999","4.1(15,062)","(15,062)",Top Discount of the Sale,5,5999,False,4.1,Sleepwell,False,5,Mid-Low,32,8822.0,High-Spec,15062.0,High Reviews (>500),2025-01-23 21:13:25.887649024,2025-01-23 21:13:25.887649024,21:13:25.887649,Older Reviews
zidle,"₹5,046",4.4(58),(58),Top Discount of the Sale,5,5046,False,4.4,zidle,False,6,Entry-Level,44,9011.0,High-Spec,58.0,Low Reviews (≤500),2024-09-21 23:04:39.181816576,2024-09-21 23:04:39.181816576,23:04:39.181816,Older Reviews
Newturn,"₹7,588",4(117),(117),Top Discount of the Sale,5,7588,False,4.0,Newturn,False,4,Mid-High,21,9605.0,Mid-Spec,117.0,Low Reviews (≤500),2025-08-10 19:18:15.085356032,2025-08-10 19:18:15.085356032,19:18:15.085356,Recent Reviews
SleepyHug,"₹6,187","4(7,191)","(7,191)",Top Discount of the Sale,5,6187,False,4.0,SleepyHug,False,6,Mid-Low,29,8714.0,Mid-Spec,7191.0,High Reviews (>500),2024-05-06 08:00:16.931565312,2024-05-06 08:00:16.931565312,08:00:16.931565,Older Reviews
GREEN,"₹8,890",4(77),(77),Only 2 left,5,8890,False,4.0,GREEN,False,4,Mid-High,21,11253.0,Mid-Spec,77.0,Low Reviews (≤500),2025-12-31 00:40:01.311684352,2025-12-31 00:40:01.311684352,00:40:01.311684,Recent Reviews
FLO,"₹6,258","4.1(8,216)","(8,216)",Top Discount of the Sale,6,6258,False,4.1,FLO,False,4,Mid-Low,32,9203.0,High-Spec,8216.0,High Reviews (>500),2025-07-09 11:20:13.391559936,2025-07-09 11:20:13.391559936,11:20:13.391559,Older Reviews
Wakefit,"₹5,948","4.4(1,51,210)","(1,51,210)",Top Discount of the Sale,6,5948,False,4.4,Wakefit,False,5,Mid-Low,25,7931.0,High-Spec,151210.0,High Reviews (>500),2024-06-25 01:17:23.555977984,2024-06-25 01:17:23.555977984,01:17:23.555977,Older Reviews
CELLBELL,"₹6,398","4(19,803)","(19,803)",Top Discount of the Sale,6,6398,False,4.0,CELLBELL,False,5,Mid-Low,30,9140.0,Mid-Spec,19803.0,High Reviews (>500),2024-03-24 08:07:34.623724288,2024-03-24 08:07:34.623724288,08:07:34.623724,Older Reviews
THE,"₹12,398",4.2(101),(101),Only few left,6,12398,False,4.2,THE,False,3,Premium,11,13930.0,High-Spec,101.0,Low Reviews (≤500),2025-01-04 23:44:28.758614272,2025-01-04 23:44:28.758614272,23:44:28.758614,Older Reviews
Sleepyhead,"₹5,539","4.4(65,853)","(65,853)",Top Discount of the Sale,6,5539,False,4.4,Sleepyhead,False,6,Entry-Level,49,10861.0,High-Spec,65853.0,High Reviews (>500),2025-08-03 09:28:39.670053888,2025-08-03 09:28:39.670053888,09:28:39.670053,Recent Reviews
PEPS,"₹6,556","4.3(3,963)","(3,963)",Top Discount of the Sale,6,6556,False,4.3,PEPS,False,5,Mid-Low,33,9785.0,High-Spec,3963.0,High Reviews (>500),2024-03-27 20:12:04.260890112,2024-03-27 20:12:04.260890112,20:12:04.260890,Older Reviews
Florance,"₹5,066",4.8(11),(11),Bank Offer,6,5066,False,4.8,Florance,False,6,Entry-Level,32,7450.0,Premium-Spec,11.0,Low Reviews (≤500),2024-09-09 08:38:25.911382016,2024-09-09 08:38:25.911382016,08:38:25.911382,Older Reviews
Hypnos,"₹5,974","4.1(5,270)","(5,270)",Top Discount of the Sale,6,5974,False,4.1,Hypnos,False,5,Mid-Low,28,8297.0,High-Spec,5270.0,High Reviews (>500),2024-09-07 01:41:17.523344896,2024-09-07 01:41:17.523344896,01:41:17.523344,Older Reviews
Solis,"₹6,759","4.2(12,440)","(12,440)",Only few left,6,6759,False,4.2,Solis,False,4,Mid-High,22,8665.0,High-Spec,12440.0,High Reviews (>500),2024-10-23 15:17:28.502181120,2024-10-23 15:17:28.502181120,15:17:28.502181,Older Reviews
CELLBELL,"₹9,499",4.2(400),(400),Only few left,6,9499,False,4.2,CELLBELL,False,2,Premium,5,9999.0,High-Spec,400.0,Low Reviews (≤500),2025-11-04 19:28:58.789757184,2025-11-04 19:28:58.789757184,19:28:58.789757,Recent Reviews
Hypnos,"₹7,965","4.1(5,270)","(5,270)",Top Discount of the Sale,6,7965,False,4.1,Hypnos,False,5,Mid-High,17,9596.0,High-Spec,5270.0,High Reviews (>500),2025-06-11 23:05:22.048250368,2025-06-11 23:05:22.048250368,23:05:22.048250,Older Reviews
SPRINGTEK,"₹5,789","4.2(7,207)","(7,207)",Bank Offer,6,5789,False,4.2,SPRINGTEK,False,5,Mid-Low,34,8771.0,High-Spec,7207.0,High Reviews (>500),2024-07-22 17:13:37.941333760,2024-07-22 17:13:37.941333760,17:13:37.941333,Older Reviews
Furniture,"₹6,998","4.4(6,001)","(6,001)",Only few left,6,6998,False,4.4,Furniture,False,6,Mid-High,13,8044.0,High-Spec,6001.0,High Reviews (>500),2025-09-21 03:56:23.133447680,2025-09-21 03:56:23.133447680,03:56:23.133447,Recent Reviews
Kendalwood,"₹11,280",4.3(709),(709),Top Discount of the Sale,6,11280,False,4.3,Kendalwood,False,2,Premium,14,13116.0,High-Spec,709.0,High Reviews (>500),2025-03-26 07:31:28.982400768,2025-03-26 07:31:28.982400768,07:31:28.982400,Older Reviews
Artesia,"₹6,999",4.2(151),(151),Top Discount of the Sale,6,6999,False,4.2,Artesia,False,6,Mid-High,16,8332.0,High-Spec,151.0,Low Reviews (≤500),2025-05-11 02:25:49.773242880,2025-05-11 02:25:49.773242880,02:25:49.773242,Older Reviews
Cello,"₹6,299","4.2(1,795)","(1,795)",Only 4 left,6,6299,False,4.2,Cello,False,5,Mid-Low,31,9129.0,High-Spec,1795.0,High Reviews (>500),2024-06-26 16:56:37.444277248,2024-06-26 16:56:37.444277248,16:56:37.444277,Older Reviews
LIVPURE,"₹5,699","4.2(5,692)","(5,692)",Bank Offer,6,5699,False,4.2,LIVPURE,False,6,Mid-Low,33,8506.0,High-Spec,5692.0,High Reviews (>500),2024-10-25 04:18:36.531706880,2024-10-25 04:18:36.531706880,04:18:36.531706,Older Reviews
Solis,"₹6,657","4.2(12,440)","(12,440)",Top Discount of the Sale,6,6657,False,4.2,Solis,False,6,Mid-Low,28,9246.0,High-Spec,12440.0,High Reviews (>500),2024-07-04 04:31:51.748145664,2024-07-04 04:31:51.748145664,04:31:51.748145,Older Reviews
Sleepwell,"₹10,299","4.1(15,062)","(15,062)",Bank Offer,6,10299,False,4.1,Sleepwell,False,3,Premium,7,11074.0,High-Spec,15062.0,High Reviews (>500),2025-09-29 13:37:08.911086080,2025-09-29 13:37:08.911086080,13:37:08.911086,Recent Reviews
GREEN,"₹14,590",4.3(80),(80),Top Discount of the Sale,6,14590,False,4.3,GREEN,False,2,Premium,6,15521.0,High-Spec,80.0,Low Reviews (≤500),2024-04-09 20:47:48.674294784,2024-04-09 20:47:48.674294784,20:47:48.674294,Older Reviews
DeckUp,"₹6,459","4.1(1,598)","(1,598)",Top Discount of the Sale,6,6459,False,4.1,DeckUp,False,6,Mid-Low,30,9227.0,High-Spec,1598.0,High Reviews (>500),2024-08-19 05:00:56.913773568,2024-08-19 05:00:56.913773568,05:00:56.913773,Older Reviews
Sleepyhead,"₹5,539","4.3(53,891)","(53,891)",Top Discount of the Sale,6,5539,False,4.3,Sleepyhead,False,6,Entry-Level,48,10652.0,High-Spec,53891.0,High Reviews (>500),2024-05-22 07:02:41.785441536,2024-05-22 07:02:41.785441536,07:02:41.785441,Older Reviews
Livpure,"₹7,054","4.2(5,121)","(5,121)",Top Discount of the Sale,6,7054,False,4.2,Livpure,False,6,Mid-High,16,8398.0,High-Spec,5121.0,High Reviews (>500),2024-04-18 19:36:52.812997120,2024-04-18 19:36:52.812997120,19:36:52.812997,Older Reviews
Wakeup,"₹8,973","4.3(4,682)","(4,682)",Only few left,6,8973,False,4.3,Wakeup,False,2,Premium,14,10434.0,High-Spec,4682.0,High Reviews (>500),2025-04-11 00:02:38.989691904,2025-04-11 00:02:38.989691904,00:02:38.989691,Older Reviews
Hypnos,"₹12,698","4.3(1,179)","(1,179)",Top Discount of the Sale,6,12698,False,4.3,Hypnos,False,2,Premium,5,13366.0,High-Spec,1179.0,High Reviews (>500),2025-03-20 04:35:31.410068992,2025-03-20 04:35:31.410068992,04:35:31.410068,Older Reviews
Flipkart,"₹5,099",4.2(292),(292),Top Discount of the Sale,6,5099,False,4.2,Flipkart,False,4,Entry-Level,30,7284.0,High-Spec,292.0,Low Reviews (≤500),2024-12-02 22:41:16.877054464,2024-12-02 22:41:16.877054464,22:41:16.877054,Older Reviews
LIVPURE,"₹5,089","4.1(2,573)","(2,573)",Bank Offer,6,5089,False,4.1,LIVPURE,False,4,Entry-Level,31,7375.0,High-Spec,2573.0,High Reviews (>500),2025-10-14 05:33:20.025507072,2025-10-14 05:33:20.025507072,05:33:20.025507,Recent Reviews
GOYALSON,"₹5,388",4.1(302),(302),Bank Offer,6,5388,False,4.1,GOYALSON,False,5,Entry-Level,33,8042.0,High-Spec,302.0,Low Reviews (≤500),2025-12-02 21:56:49.671856640,2025-12-02 21:56:49.671856640,21:56:49.671856,Recent Reviews
SleepyHug,"₹5,459","4(7,191)","(7,191)",Top Discount of the Sale,6,5459,False,4.0,SleepyHug,False,5,Entry-Level,30,7799.0,Mid-Spec,7191.0,High Reviews (>500),2024-08-01 23:51:37.666866176,2024-08-01 23:51:37.666866176,23:51:37.666866,Older Reviews
RUDRAKSH,"₹5,499",4(251),(251),Only few left,6,5499,False,4.0,RUDRAKSH,False,4,Entry-Level,39,9015.0,Mid-Spec,251.0,Low Reviews (≤500),2024-12-05 20:15:03.538660608,2024-12-05 20:15:03.538660608,20:15:03.538660,Older Reviews
Wooden,"₹7,299",4(91),(91),Top Discount of the Sale,6,7299,False,4.0,Wooden,False,4,Mid-High,11,8201.0,Mid-Spec,91.0,Low Reviews (≤500),2024-01-23 12:08:53.640594688,2024-01-23 12:08:53.640594688,12:08:53.640594,Older Reviews
Artesia,"₹5,299",4.2(368),(368),Top Discount of the Sale,6,5299,False,4.2,Artesia,False,4,Entry-Level,42,9136.0,High-Spec,368.0,Low Reviews (≤500),2025-04-26 06:42:08.069958144,2025-04-26 06:42:08.069958144,06:42:08.069958,Older Reviews
Wakefit,"₹16,499","4.4(3,728)","(3,728)",Bank Offer,6,16499,False,4.4,Wakefit,False,2,Premium,13,18964.0,High-Spec,3728.0,High Reviews (>500),2024-09-28 04:38:57.963925504,2024-09-28 04:38:57.963925504,04:38:57.963925,Older Reviews
Custom,"₹15,567",4.3(200),(200),Only few left,6,15567,False,4.3,Custom,False,3,Premium,9,17107.0,High-Spec,200.0,Low Reviews (≤500),2024-07-13 21:27:14.698825216,2024-07-13 21:27:14.698825216,21:27:14.698825,Older Reviews
DeckUp,"₹6,459","4.1(1,598)","(1,598)",Top Discount of the Sale,6,6459,False,4.1,DeckUp,False,4,Mid-Low,26,8728.0,High-Spec,1598.0,High Reviews (>500),2024-12-12 12:34:30.280809472,2024-12-12 12:34:30.280809472,12:34:30.280809,Older Reviews
SleepyHug,"₹5,095","4.1(1,806)","(1,806)",Top Discount of the Sale,6,5095,False,4.1,SleepyHug,False,5,Entry-Level,44,9098.0,High-Spec,1806.0,High Reviews (>500),2025-05-04 14:23:50.256107264,2025-05-04 14:23:50.256107264,14:23:50.256107,Older Reviews
Furniture,"₹6,999","4.4(6,001)","(6,001)",Bank Offer,6,6999,False,4.4,Furniture,False,4,Mid-High,22,8973.0,High-Spec,6001.0,High Reviews (>500),2024-08-23 19:48:07.029810176,2024-08-23 19:48:07.029810176,19:48:07.029810,Older Reviews
zidle,"₹5,046",4.4(58),(58),Top Discount of the Sale,6,5046,False,4.4,zidle,False,6,Entry-Level,37,8010.0,High-Spec,58.0,Low Reviews (≤500),2024-04-24 08:01:50.507310592,2024-04-24 08:01:50.507310592,08:01:50.507310,Older Reviews
Solis,"₹5,384","4.1(2,857)","(2,857)",Only few left,6,5384,False,4.1,Solis,False,4,Entry-Level,34,8158.0,High-Spec,2857.0,High Reviews (>500),2025-09-14 12:28:34.501048064,2025-09-14 12:28:34.501048064,12:28:34.501048,Recent Reviews
NEUDOT,"₹12,199","4.1(1,087)","(1,087)",Only few left,6,12199,False,4.1,NEUDOT,False,2,Premium,13,14022.0,High-Spec,1087.0,High Reviews (>500),2024-01-31 13:22:07.752888064,2024-01-31 13:22:07.752888064,13:22:07.752888,Older Reviews
FLO,"₹6,258","4.1(8,216)","(8,216)",Top Discount of the Sale,7,6258,False,4.1,FLO,False,5,Mid-Low,29,8814.0,High-Spec,8216.0,High Reviews (>500),2025-07-01 14:35:18.792716800,2025-07-01 14:35:18.792716800,14:35:18.792716,Older Reviews
Wakefit,"₹5,948","4.4(1,51,210)","(1,51,210)",Top Discount of the Sale,7,5948,False,4.4,Wakefit,False,5,Mid-Low,32,8747.0,High-Spec,151210.0,High Reviews (>500),2025-08-07 21:13:05.741296640,2025-08-07 21:13:05.741296640,21:13:05.741296,Recent Reviews
Newturn,"₹5,287","4(1,280)","(1,280)",Top Discount of the Sale,7,5287,False,4.0,Newturn,False,4,Entry-Level,43,9275.0,Mid-Spec,1280.0,High Reviews (>500),2025-10-09 10:30:54.936438016,2025-10-09 10:30:54.936438016,10:30:54.936438,Recent Reviews
KURLON,"₹6,399","4.2(3,015)","(3,015)",Top Discount of the Sale,7,6399,False,4.2,KURLON,False,4,Mid-Low,25,8532.0,High-Spec,3015.0,High Reviews (>500),2024-06-17 17:06:26.659964928,2024-06-17 17:06:26.659964928,17:06:26.659964,Older Reviews
Sleepyhead,"₹5,539","4.4(65,853)","(65,853)",Top Discount of the Sale,7,5539,False,4.4,Sleepyhead,False,5,Entry-Level,49,10861.0,High-Spec,65853.0,High Reviews (>500),2025-08-01 13:14:16.019745792,2025-08-01 13:14:16.019745792,13:14:16.019745,Recent Reviews
WOODYOU,"₹7,847",4.2(799),(799),Bank Offer,7,7847,False,4.2,WOODYOU,False,6,Mid-High,17,9454.0,High-Spec,799.0,High Reviews (>500),2024-05-28 23:40:28.721238016,2024-05-28 23:40:28.721238016,23:40:28.721238,Older Reviews
Florance,"₹5,066",4.8(11),(11),Bank Offer,7,5066,False,4.8,Florance,False,5,Entry-Level,37,8041.0,Premium-Spec,11.0,Low Reviews (≤500),2025-09-30 21:51:18.693645312,2025-09-30 21:51:18.693645312,21:51:18.693645,Recent Reviews
Hypnos,"₹5,974","4.1(5,270)","(5,270)",Top Discount of the Sale,7,5974,False,4.1,Hypnos,False,5,Mid-Low,23,7758.0,High-Spec,5270.0,High Reviews (>500),2024-09-29 03:23:03.145435392,2024-09-29 03:23:03.145435392,03:23:03.145435,Older Reviews
GREEN,"₹18,099",4.6(64),(64),Top Discount of the Sale,7,18099,False,4.6,GREEN,False,2,Premium,12,20567.0,Premium-Spec,64.0,Low Reviews (≤500),2024-07-19 14:55:13.218050304,2024-07-19 14:55:13.218050304,14:55:13.218050,Older Reviews
WOODYOU,"₹7,516",4.2(799),(799),Bank Offer,7,7516,False,4.2,WOODYOU,False,4,Mid-High,21,9514.0,High-Spec,799.0,High Reviews (>500),2025-10-04 17:14:50.949276928,2025-10-04 17:14:50.949276928,17:14:50.949276,Recent Reviews
Hypnos,"₹7,965","4.1(5,270)","(5,270)",Top Discount of the Sale,7,7965,False,4.1,Hypnos,False,5,Mid-High,18,9713.0,High-Spec,5270.0,High Reviews (>500),2024-10-31 06:15:24.598161664,2024-10-31 06:15:24.598161664,06:15:24.598161,Older Reviews
SPRINGTEK,"₹5,789","4.2(7,207)","(7,207)",Bank Offer,7,5789,False,4.2,SPRINGTEK,False,4,Mid-Low,28,8040.0,High-Spec,7207.0,High Reviews (>500),2024-07-20 15:43:33.152951808,2024-07-20 15:43:33.152951808,15:43:33.152951,Older Reviews
Jhula,"₹6,999",4.4(997),(997),Bank Offer,7,6999,False,4.4,Jhula,False,5,Mid-High,10,7777.0,High-Spec,997.0,High Reviews (>500),2025-09-04 13:36:15.955054592,2025-09-04 13:36:15.955054592,13:36:15.955054,Recent Reviews
SPACEWOOD,"₹5,899",4(287),(287),Top Discount of the Sale,7,5899,False,4.0,SPACEWOOD,False,4,Mid-Low,20,7374.0,Mid-Spec,287.0,Low Reviews (≤500),2025-03-09 05:39:20.093107968,2025-03-09 05:39:20.093107968,05:39:20.093107,Older Reviews
Artesia,"₹6,999",4.2(151),(151),Top Discount of the Sale,7,6999,False,4.2,Artesia,False,6,Mid-High,24,9209.0,High-Spec,151.0,Low Reviews (≤500),2025-08-13 09:03:23.085767680,2025-08-13 09:03:23.085767680,09:03:23.085767,Recent Reviews
Wakefit,"₹15,498","4.4(3,728)","(3,728)",Bank Offer,7,15498,False,4.4,Wakefit,False,3,Premium,12,17611.0,High-Spec,3728.0,High Reviews (>500),2024-03-02 11:17:38.427595264,2024-03-02 11:17:38.427595264,11:17:38.427595,Older Reviews
LIVPURE,"₹5,699","4.2(5,692)","(5,692)",Bank Offer,7,5699,False,4.2,LIVPURE,False,5,Mid-Low,31,8259.0,High-Spec,5692.0,High Reviews (>500),2024-08-11 12:24:40.169698304,2024-08-11 12:24:40.169698304,12:24:40.169698,Older Reviews
Solis,"₹6,657","4.2(12,440)","(12,440)",Top Discount of the Sale,7,6657,False,4.2,Solis,False,6,Mid-Low,33,9936.0,High-Spec,12440.0,High Reviews (>500),2025-04-12 08:19:27.660743680,2025-04-12 08:19:27.660743680,08:19:27.660743,Older Reviews
Floresta,"₹12,499",4.2(443),(443),Bank Offer,7,12499,False,4.2,Floresta,False,3,Premium,8,13586.0,High-Spec,443.0,Low Reviews (≤500),2025-02-28 16:43:34.576120832,2025-02-28 16:43:34.576120832,16:43:34.576120,Older Reviews
Supreme,"₹5,199","4.3(1,139)","(1,139)",Bank Offer,7,5199,False,4.3,Supreme,False,5,Entry-Level,48,9998.0,High-Spec,1139.0,High Reviews (>500),2024-08-07 15:44:35.005539328,2024-08-07 15:44:35.005539328,15:44:35.005539,Older Reviews
LIVPURE,"₹5,089","4.1(2,573)","(2,573)",Bank Offer,7,5089,False,4.1,LIVPURE,False,5,Entry-Level,37,8078.0,High-Spec,2573.0,High Reviews (>500),2024-12-05 05:50:55.375516672,2024-12-05 05:50:55.375516672,05:50:55.375516,Older Reviews
Sleepyhead,"₹5,539","4.3(53,891)","(53,891)",Top Discount of the Sale,7,5539,False,4.3,Sleepyhead,False,6,Entry-Level,31,8028.0,High-Spec,53891.0,High Reviews (>500),2025-12-31 02:45:10.571675904,2025-12-31 02:45:10.571675904,02:45:10.571675,Recent Reviews
zidle,"₹5,046",4.4(58),(58),Top Discount of the Sale,7,5046,False,4.4,zidle,False,6,Entry-Level,31,7313.0,High-Spec,58.0,Low Reviews (≤500),2024-12-26 03:42:14.894041088,2024-12-26 03:42:14.894041088,03:42:14.894041,Older Reviews
Solis,"₹8,159",4(626),(626),Top Discount of the Sale,7,8159,False,4.0,Solis,False,6,Mid-High,11,9167.0,Mid-Spec,626.0,High Reviews (>500),2024-07-07 11:20:17.086234112,2024-07-07 11:20:17.086234112,11:20:17.086234,Older Reviews
Hypnos,"₹12,698","4.3(1,179)","(1,179)",Top Discount of the Sale,7,12698,False,4.3,Hypnos,False,3,Premium,11,14267.0,High-Spec,1179.0,High Reviews (>500),2024-08-14 05:44:48.794355712,2024-08-14 05:44:48.794355712,05:44:48.794355,Older Reviews
Kendalwood,"₹12,981","4.1(1,294)","(1,294)",Top Discount of the Sale,7,12981,False,4.1,Kendalwood,False,2,Premium,11,14585.0,High-Spec,1294.0,High Reviews (>500),2025-05-16 00:10:42.758079232,2025-05-16 00:10:42.758079232,00:10:42.758079,Older Reviews
GOYALSON,"₹5,388",4.1(302),(302),Bank Offer,7,5388,False,4.1,GOYALSON,False,5,Entry-Level,45,9796.0,High-Spec,302.0,Low Reviews (≤500),2025-02-26 00:58:49.769452544,2025-02-26 00:58:49.769452544,00:58:49.769452,Older Reviews
DeckUp,"₹5,224","4.3(1,525)","(1,525)",Top Discount of the Sale,7,5224,False,4.3,DeckUp,False,6,Entry-Level,38,8426.0,High-Spec,1525.0,High Reviews (>500),2024-08-11 22:49:50.711079168,2024-08-11 22:49:50.711079168,22:49:50.711079,Older Reviews
Seventh,"₹16,499",4(821),(821),Bank Offer,7,16499,False,4.0,Seventh,False,2,Premium,9,18131.0,Mid-Spec,821.0,High Reviews (>500),2025-08-14 01:44:11.337053184,2025-08-14 01:44:11.337053184,01:44:11.337053,Recent Reviews
Solis,"₹6,759","4.2(12,440)","(12,440)",Top Discount of the Sale,7,6759,False,4.2,Solis,False,6,Mid-High,11,7594.0,High-Spec,12440.0,High Reviews (>500),2024-09-03 18:46:21.702468864,2024-09-03 18:46:21.702468864,18:46:21.702468,Older Reviews
Wooden,"₹7,299",4(91),(91),Top Discount of the Sale,7,7299,False,4.0,Wooden,False,4,Mid-High,10,8110.0,Mid-Spec,91.0,Low Reviews (≤500),2024-02-09 01:03:39.059967488,2024-02-09 01:03:39.059967488,01:03:39.059967,Older Reviews
DeckUp,"₹5,224","4.3(1,525)","(1,525)",Top Discount of the Sale,7,5224,False,4.3,DeckUp,False,6,Entry-Level,46,9674.0,High-Spec,1525.0,High Reviews (>500),2024-12-17 16:42:59.603826176,2024-12-17 16:42:59.603826176,16:42:59.603826,Older Reviews
Livpure,"₹5,342","4(2,366)","(2,366)",Top Discount of the Sale,7,5342,False,4.0,Livpure,False,6,Entry-Level,43,9372.0,Mid-Spec,2366.0,High Reviews (>500),2025-10-30 02:50:06.230454784,2025-10-30 02:50:06.230454784,02:50:06.230454,Recent Reviews
FLO,"₹6,241","4.1(3,775)","(3,775)",Top Discount of the Sale,7,6241,False,4.1,FLO,False,5,Mid-Low,29,8790.0,High-Spec,3775.0,High Reviews (>500),2025-08-07 06:51:20.380271360,2025-08-07 06:51:20.380271360,06:51:20.380271,Recent Reviews
Livpure,"₹7,054","4.2(5,121)","(5,121)",Top Discount of the Sale,7,7054,False,4.2,Livpure,False,6,Mid-High,21,8929.0,High-Spec,5121.0,High Reviews (>500),2024-03-01 08:27:20.571346944,2024-03-01 08:27:20.571346944,08:27:20.571346,Older Reviews
Seventh,"₹10,999",4.2(951),(951),Top Discount of the Sale,7,10999,False,4.2,Seventh,False,3,Premium,5,11578.0,High-Spec,951.0,High Reviews (>500),2025-02-12 01:34:03.418062080,2025-02-12 01:34:03.418062080,01:34:03.418062,Older Reviews
Sleepwell,"₹10,299","4.1(15,062)","(15,062)",Bank Offer,7,10299,False,4.1,Sleepwell,False,2,Premium,14,11976.0,High-Spec,15062.0,High Reviews (>500),2024-05-07 04:34:11.158687232,2024-05-07 04:34:11.158687232,04:34:11.158687,Older Reviews
Furniture,"₹6,999","4.4(6,001)","(6,001)",Bank Offer,7,6999,False,4.4,Furniture,False,6,Mid-High,13,8045.0,High-Spec,6001.0,High Reviews (>500),2025-02-27 15:41:15.550466304,2025-02-27 15:41:15.550466304,15:41:15.550466,Older Reviews
Seventh,"₹10,999",4.3(647),(647),Top Discount of the Sale,7,10999,False,4.3,Seventh,False,3,Premium,8,11955.0,High-Spec,647.0,High Reviews (>500),2025-06-03 16:11:16.247715328,2025-06-03 16:11:16.247715328,16:11:16.247715,Older Reviews
Kendalwood,"₹9,400",4.1(551),(551),Bank Offer,7,9400,False,4.1,Kendalwood,False,3,Premium,8,10217.0,High-Spec,551.0,High Reviews (>500),2025-01-27 20:10:50.121944320,2025-01-27 20:10:50.121944320,20:10:50.121944,Older Reviews
FLO,"₹6,258","4.1(8,216)","(8,216)",Top Discount of the Sale,8,6258,False,4.1,FLO,False,4,Mid-Low,34,9482.0,High-Spec,8216.0,High Reviews (>500),2024-11-27 10:04:10.716851456,2024-11-27 10:04:10.716851456,10:04:10.716851,Older Reviews
Wakefit,"₹5,948","4.4(1,51,210)","(1,51,210)",Top Discount of the Sale,8,5948,False,4.4,Wakefit,False,4,Mid-Low,34,9012.0,High-Spec,151210.0,High Reviews (>500),2024-11-04 19:17:11.109245440,2024-11-04 19:17:11.109245440,19:17:11.109245,Older Reviews
Drogo,"₹14,990",4.5(375),(375),Top Discount of the Sale,8,14990,False,4.5,Drogo,False,3,Premium,12,17034.0,High-Spec,375.0,Low Reviews (≤500),2025-09-18 03:25:13.120135168,2025-09-18 03:25:13.120135168,03:25:13.120135,Recent Reviews
Solis,"₹6,861","4.2(12,440)","(12,440)",Top Discount of the Sale,8,6861,False,4.2,Solis,False,5,Mid-High,24,9028.0,High-Spec,12440.0,High Reviews (>500),2025-12-30 08:55:09.869388800,2025-12-30 08:55:09.869388800,08:55:09.869388,Recent Reviews
Sleepyhead,"₹5,539","4.4(65,853)","(65,853)",Top Discount of the Sale,8,5539,False,4.4,Sleepyhead,False,5,Entry-Level,34,8392.0,High-Spec,65853.0,High Reviews (>500),2025-03-24 23:40:37.735218176,2025-03-24 23:40:37.735218176,23:40:37.735218,Older Reviews
Godrej,"₹29,990",4(27),(27),Top Discount of the Sale,8,29990,False,4.0,Godrej,False,2,Premium,11,33697.0,Mid-Spec,27.0,Low Reviews (≤500),2024-12-27 07:34:25.916903168,2024-12-27 07:34:25.916903168,07:34:25.916903,Older Reviews
Florance,"₹5,066",4.8(11),(11),Bank Offer,8,5066,False,4.8,Florance,False,4,Entry-Level,33,7561.0,Premium-Spec,11.0,Low Reviews (≤500),2024-12-23 15:01:49.395073536,2024-12-23 15:01:49.395073536,15:01:49.395073,Older Reviews
Hypnos,"₹5,974","4.1(5,270)","(5,270)",Top Discount of the Sale,8,5974,False,4.1,Hypnos,False,5,Mid-Low,26,8073.0,High-Spec,5270.0,High Reviews (>500),2025-03-24 14:08:53.294043648,2025-03-24 14:08:53.294043648,14:08:53.294043,Older Reviews
The,"₹18,999",4.4(210),(210),Bank Offer,8,18999,False,4.4,The,False,3,Premium,9,20878.0,High-Spec,210.0,Low Reviews (≤500),2024-12-28 15:57:01.618225664,2024-12-28 15:57:01.618225664,15:57:01.618225,Older Reviews
WESTIDO,"₹9,999","4(1,741)","(1,741)",Top Discount of the Sale,8,9999,False,4.0,WESTIDO,False,2,Premium,14,11627.0,Mid-Spec,1741.0,High Reviews (>500),2024-07-16 05:09:44.402436352,2024-07-16 05:09:44.402436352,05:09:44.402436,Older Reviews
Hypnos,"₹7,965","4.1(5,270)","(5,270)",Top Discount of the Sale,8,7965,False,4.1,Hypnos,False,6,Mid-High,23,10344.0,High-Spec,5270.0,High Reviews (>500),2024-06-22 05:01:57.423028736,2024-06-22 05:01:57.423028736,05:01:57.423028,Older Reviews
SPRINGTEK,"₹5,789","4.2(7,207)","(7,207)",Bank Offer,8,5789,False,4.2,SPRINGTEK,False,4,Mid-Low,26,7823.0,High-Spec,7207.0,High Reviews (>500),2025-04-03 06:47:57.750351104,2025-04-03 06:47:57.750351104,06:47:57.750351,Older Reviews
Kendalwood,"₹15,040",4(866),(866),Bank Offer,8,15040,False,4.0,Kendalwood,False,3,Premium,11,16899.0,Mid-Spec,866.0,High Reviews (>500),2024-09-11 17:50:11.086614784,2024-09-11 17:50:11.086614784,17:50:11.086614,Older Reviews
Floresta,"₹12,899",4.2(443),(443),Bank Offer,8,12899,False,4.2,Floresta,False,3,Premium,10,14332.0,High-Spec,443.0,Low Reviews (≤500),2025-10-05 21:43:32.302817024,2025-10-05 21:43:32.302817024,21:43:32.302817,Recent Reviews
Artesia,"₹6,999",4.2(151),(151),Top Discount of the Sale,8,6999,False,4.2,Artesia,False,6,Mid-High,23,9090.0,High-Spec,151.0,Low Reviews (≤500),2024-12-02 03:28:32.810192640,2024-12-02 03:28:32.810192640,03:28:32.810192,Older Reviews
Cello,"₹6,099","4.1(2,212)","(2,212)",Bank Offer,8,6099,False,4.1,Cello,False,4,Mid-Low,20,7624.0,High-Spec,2212.0,High Reviews (>500),2024-08-19 22:01:54.846985984,2024-08-19 22:01:54.846985984,22:01:54.846985,Older Reviews
LIVPURE,"₹5,699","4.2(5,692)","(5,692)",Bank Offer,8,5699,False,4.2,LIVPURE,False,4,Mid-Low,30,8141.0,High-Spec,5692.0,High Reviews (>500),2024-11-26 17:14:29.443692288,2024-11-26 17:14:29.443692288,17:14:29.443692,Older Reviews
Solis,"₹6,657","4.2(12,440)","(12,440)",Top Discount of the Sale,8,6657,False,4.2,Solis,False,5,Mid-Low,22,8535.0,High-Spec,12440.0,High Reviews (>500),2025-12-22 19:41:20.824944128,2025-12-22 19:41:20.824944128,19:41:20.824944,Recent Reviews
DeckUp,"₹5,699","4(1,139)","(1,139)",Top Discount of the Sale,8,5699,False,4.0,DeckUp,False,4,Mid-Low,29,8027.0,Mid-Spec,1139.0,High Reviews (>500),2025-03-22 11:42:37.393551360,2025-03-22 11:42:37.393551360,11:42:37.393551,Older Reviews
Taskwood,"₹15,799",4.2(642),(642),Bank Offer,8,15799,False,4.2,Taskwood,False,2,Premium,8,17173.0,High-Spec,642.0,High Reviews (>500),2025-05-24 08:50:23.963378688,2025-05-24 08:50:23.963378688,08:50:23.963378,Older Reviews
LIVPURE,"₹5,089","4.1(2,573)","(2,573)",Bank Offer,8,5089,False,4.1,LIVPURE,False,4,Entry-Level,38,8208.0,High-Spec,2573.0,High Reviews (>500),2025-10-21 22:17:34.603107584,2025-10-21 22:17:34.603107584,22:17:34.603107,Recent Reviews
Sleepyhead,"₹5,539","4.3(53,891)","(53,891)",Top Discount of the Sale,8,5539,False,4.3,Sleepyhead,False,4,Entry-Level,44,9891.0,High-Spec,53891.0,High Reviews (>500),2024-10-14 00:57:38.965809664,2024-10-14 00:57:38.965809664,00:57:38.965809,Older Reviews
Kendalwood,"₹9,588",4(866),(866),Top Discount of the Sale,8,9588,False,4.0,Kendalwood,False,2,Premium,13,11021.0,Mid-Spec,866.0,High Reviews (>500),2024-02-29 17:41:09.877975040,2024-02-29 17:41:09.877975040,17:41:09.877975,Older Reviews
Sleepyhead,"₹11,349",4(661),(661),Bank Offer,8,11349,False,4.0,Sleepyhead,False,3,Premium,13,13045.0,Mid-Spec,661.0,High Reviews (>500),2025-05-19 16:01:37.493052928,2025-05-19 16:01:37.493052928,16:01:37.493052,Older Reviews
Hypnos,"₹12,698","4.3(1,179)","(1,179)",Top Discount of the Sale,8,12698,False,4.3,Hypnos,False,2,Premium,6,13509.0,High-Spec,1179.0,High Reviews (>500),2025-02-22 14:46:36.045542400,2025-02-22 14:46:36.045542400,14:46:36.045542,Older Reviews
SIVOM,"₹6,026",4.1(222),(222),Bank Offer,8,6026,False,4.1,SIVOM,False,5,Mid-Low,21,7628.0,High-Spec,222.0,Low Reviews (≤500),2025-11-23 13:21:19.145874176,2025-11-23 13:21:19.145874176,13:21:19.145874,Recent Reviews
GOYALSON,"₹5,388",4.1(302),(302),Bank Offer,8,5388,False,4.1,GOYALSON,False,5,Entry-Level,41,9132.0,High-Spec,302.0,Low Reviews (≤500),2024-02-08 13:35:23.872165888,2024-02-08 13:35:23.872165888,13:35:23.872165,Older Reviews
Wooden,"₹7,299",4(91),(91),Top Discount of the Sale,8,7299,False,4.0,Wooden,False,4,Mid-High,12,8294.0,Mid-Spec,91.0,Low Reviews (≤500),2025-01-03 18:19:13.662378752,2025-01-03 18:19:13.662378752,18:19:13.662378,Older Reviews
Wakefit,"₹23,000","4.3(3,706)","(3,706)",Bank Offer,8,23000,False,4.3,Wakefit,False,2,Premium,13,26437.0,High-Spec,3706.0,High Reviews (>500),2025-05-31 15:03:19.353974528,2025-05-31 15:03:19.353974528,15:03:19.353974,Older Reviews
Robocura,"₹67,149",4.3(27),(27),Bank Offer,8,67149,False,4.3,Robocura,False,2,Premium,9,73790.0,High-Spec,27.0,Low Reviews (≤500),2025-01-23 22:00:19.015384064,2025-01-23 22:00:19.015384064,22:00:19.015384,Older Reviews
Livpure,"₹7,054","4.2(5,121)","(5,121)",Top Discount of the Sale,8,7054,False,4.2,Livpure,False,4,Mid-High,15,8299.0,High-Spec,5121.0,High Reviews (>500),2025-05-13 19:40:55.308473856,2025-05-13 19:40:55.308473856,19:40:55.308473,Older Reviews
Sleepwell,"₹10,299","4.1(15,062)","(15,062)",Bank Offer,8,10299,False,4.1,Sleepwell,False,2,Premium,5,10841.0,High-Spec,15062.0,High Reviews (>500),2025-08-06 14:13:44.143096320,2025-08-06 14:13:44.143096320,14:13:44.143096,Recent Reviews
DeckUp,"₹5,639",4.2(682),(682),Top Discount of the Sale,8,5639,False,4.2,DeckUp,False,4,Mid-Low,32,8293.0,High-Spec,682.0,High Reviews (>500),2024-10-19 23:20:31.558416896,2024-10-19 23:20:31.558416896,23:20:31.558416,Older Reviews
Wakefit,"₹25,998","4.4(3,728)","(3,728)",Bank Offer,8,25998,False,4.4,Wakefit,False,3,Premium,7,27955.0,High-Spec,3728.0,High Reviews (>500),2025-03-24 17:55:07.377361920,2025-03-24 17:55:07.377361920,17:55:07.377361,Older Reviews
Furniture,"₹6,999","4.4(6,001)","(6,001)",Bank Offer,8,6999,False,4.4,Furniture,False,6,Mid-High,11,7864.0,High-Spec,6001.0,High Reviews (>500),2024-08-17 23:08:22.921354752,2024-08-17 23:08:22.921354752,23:08:22.921354,Older Reviews
Flipkart,"₹7,999",4(462),(462),Top Discount of the Sale,8,7999,False,4.0,Flipkart,False,6,Mid-High,11,8988.0,Mid-Spec,462.0,Low Reviews (≤500),2025-06-19 11:09:46.963991552,2025-06-19 11:09:46.963991552,11:09:46.963991,Older Reviews
Artesia,"₹5,299",4.2(368),(368),Top Discount of the Sale,8,5299,False,4.2,Artesia,False,5,Entry-Level,48,10190.0,High-Spec,368.0,Low Reviews (≤500),2025-08-23 05:08:01.363552000,2025-08-23 05:08:01.363552000,05:08:01.363552,Recent Reviews
zidle,"₹5,046",4.4(58),(58),Top Discount of the Sale,8,5046,False,4.4,zidle,False,4,Entry-Level,34,7645.0,High-Spec,58.0,Low Reviews (≤500),2025-11-23 00:17:31.496504064,2025-11-23 00:17:31.496504064,00:17:31.496504,Recent Reviews
Furniture,"₹6,968","4.4(6,001)","(6,001)",Bank Offer,8,6968,False,4.4,Furniture,False,6,Mid-High,20,8710.0,High-Spec,6001.0,High Reviews (>500),2025-07-24 06:29:38.975838976,2025-07-24 06:29:38.975838976,06:29:38.975838,Recent Reviews
Nilkamal,"₹5,497","4.3(2,795)","(2,795)",Bank Offer,8,5497,False,4.3,Nilkamal,False,4,Entry-Level,46,10180.0,High-Spec,2795.0,High Reviews (>500),2025-09-10 02:53:48.865777152,2025-09-10 02:53:48.865777152,02:53:48.865777,Recent Reviews
FLO,"₹6,258","4.1(8,216)","(8,216)",Top Discount of the Sale,9,6258,False,4.1,FLO,False,5,Mid-Low,22,8023.0,High-Spec,8216.0,High Reviews (>500),2025-07-09 18:25:23.547148800,2025-07-09 18:25:23.547148800,18:25:23.547148,Older Reviews
Wakefit,"₹5,948","4.4(1,51,210)","(1,51,210)",Top Discount of the Sale,9,5948,False,4.4,Wakefit,False,6,Mid-Low,26,8038.0,High-Spec,151210.0,High Reviews (>500),2025-04-17 20:16:30.817079296,2025-04-17 20:16:30.817079296,20:16:30.817079,Older Reviews
Taskwood,"₹15,980",4.2(360),(360),Top Discount of the Sale,9,15980,False,4.2,Taskwood,False,3,Premium,11,17955.0,High-Spec,360.0,Low Reviews (≤500),2024-03-23 14:32:17.691536128,2024-03-23 14:32:17.691536128,14:32:17.691536,Older Reviews
Old,"₹11,251","4.1(2,011)","(2,011)",Bank Offer,9,11251,False,4.1,Old,False,2,Premium,11,12642.0,High-Spec,2011.0,High Reviews (>500),2024-10-29 17:14:26.794082560,2024-10-29 17:14:26.794082560,17:14:26.794082,Older Reviews
Sleepyhead,"₹5,539","4.4(65,853)","(65,853)",Top Discount of the Sale,9,5539,False,4.4,Sleepyhead,False,4,Entry-Level,36,8655.0,High-Spec,65853.0,High Reviews (>500),2025-07-14 19:48:10.736093184,2025-07-14 19:48:10.736093184,19:48:10.736093,Older Reviews
DeckUp,"₹6,459","4.1(1,598)","(1,598)",Top Discount of the Sale,9,6459,False,4.1,DeckUp,False,6,Mid-Low,21,8176.0,High-Spec,1598.0,High Reviews (>500),2024-11-23 10:23:10.149637888,2024-11-23 10:23:10.149637888,10:23:10.149637,Older Reviews
Florance,"₹5,066",4.8(11),(11),Bank Offer,9,5066,False,4.8,Florance,False,5,Entry-Level,42,8734.0,Premium-Spec,11.0,Low Reviews (≤500),2024-03-10 03:11:39.980178944,2024-03-10 03:11:39.980178944,03:11:39.980178,Older Reviews
Hypnos,"₹5,974","4.1(5,270)","(5,270)",Top Discount of the Sale,9,5974,False,4.1,Hypnos,False,5,Mid-Low,31,8658.0,High-Spec,5270.0,High Reviews (>500),2025-11-23 14:02:16.050590208,2025-11-23 14:02:16.050590208,14:02:16.050590,Recent Reviews
Ganpati,"₹33,299",4.1(470),(470),Bank Offer,9,33299,False,4.1,Ganpati,False,2,Premium,6,35424.0,High-Spec,470.0,Low Reviews (≤500),2024-12-22 19:43:52.395225600,2024-12-22 19:43:52.395225600,19:43:52.395225,Older Reviews
Ganpati,"₹33,299",4.1(470),(470),Top Discount of the Sale,9,33299,False,4.1,Ganpati,False,3,Premium,11,37415.0,High-Spec,470.0,Low Reviews (≤500),2024-05-02 02:08:43.953630208,2024-05-02 02:08:43.953630208,02:08:43.953630,Older Reviews
Hypnos,"₹7,965","4.1(5,270)","(5,270)",Top Discount of the Sale,9,7965,False,4.1,Hypnos,False,4,Mid-High,20,9956.0,High-Spec,5270.0,High Reviews (>500),2024-11-04 17:00:55.008769536,2024-11-04 17:00:55.008769536,17:00:55.008769,Older Reviews
SPRINGTEK,"₹5,789","4.2(7,207)","(7,207)",Bank Offer,9,5789,False,4.2,SPRINGTEK,False,6,Mid-Low,31,8390.0,High-Spec,7207.0,High Reviews (>500),2025-10-11 13:06:26.543704832,2025-10-11 13:06:26.543704832,13:06:26.543704,Recent Reviews
Cello,"₹6,299","4.2(1,795)","(1,795)",Bank Offer,9,6299,False,4.2,Cello,False,5,Mid-Low,24,8288.0,High-Spec,1795.0,High Reviews (>500),2024-01-25 05:02:37.120211456,2024-01-25 05:02:37.120211456,05:02:37.120211,Older Reviews
NEUDOT,"₹6,999",4.3(405),(405),Top Discount of the Sale,9,6999,False,4.3,NEUDOT,False,4,Mid-High,11,7864.0,High-Spec,405.0,Low Reviews (≤500),2025-06-06 07:11:59.860014080,2025-06-06 07:11:59.860014080,07:11:59.860014,Older Reviews
Artesia,"₹6,999",4.2(151),(151),Top Discount of the Sale,9,6999,False,4.2,Artesia,False,4,Mid-High,18,8535.0,High-Spec,151.0,Low Reviews (≤500),2025-04-04 23:39:34.167909376,2025-04-04 23:39:34.167909376,23:39:34.167909,Older Reviews
shivoja,"₹9,783",4.3(130),(130),Bank Offer,9,9783,False,4.3,shivoja,False,2,Premium,5,10298.0,High-Spec,130.0,Low Reviews (≤500),2024-09-14 23:02:31.234254592,2024-09-14 23:02:31.234254592,23:02:31.234254,Older Reviews
LIVPURE,"₹5,699","4.2(5,692)","(5,692)",Bank Offer,9,5699,False,4.2,LIVPURE,False,4,Mid-Low,30,8141.0,High-Spec,5692.0,High Reviews (>500),2025-11-30 21:54:43.155997952,2025-11-30 21:54:43.155997952,21:54:43.155997,Recent Reviews
Solis,"₹6,657","4.2(12,440)","(12,440)",Top Discount of the Sale,9,6657,False,4.2,Solis,False,5,Mid-Low,29,9376.0,High-Spec,12440.0,High Reviews (>500),2025-06-20 12:19:40.000348416,2025-06-20 12:19:40.000348416,12:19:40.000348,Older Reviews
duzo,"₹6,691",4.2(492),(492),Top Discount of the Sale,9,6691,False,4.2,duzo,False,5,Mid-Low,25,8921.0,High-Spec,492.0,Low Reviews (≤500),2024-07-02 14:44:20.807392512,2024-07-02 14:44:20.807392512,14:44:20.807392,Older Reviews
Kendalwood,"₹28,200",4.3(483),(483),Top Discount of the Sale,9,28200,False,4.3,Kendalwood,False,2,Premium,11,31685.0,High-Spec,483.0,Low Reviews (≤500),2024-05-02 04:04:42.571453184,2024-05-02 04:04:42.571453184,04:04:42.571453,Older Reviews
LIVPURE,"₹5,089","4.1(2,573)","(2,573)",Bank Offer,9,5089,False,4.1,LIVPURE,False,4,Entry-Level,36,7952.0,High-Spec,2573.0,High Reviews (>500),2025-12-19 08:28:42.019045376,2025-12-19 08:28:42.019045376,08:28:42.019045,Recent Reviews
Sleepyhead,"₹5,539","4.3(53,891)","(53,891)",Top Discount of the Sale,9,5539,False,4.3,Sleepyhead,False,6,Entry-Level,45,10071.0,High-Spec,53891.0,High Reviews (>500),2026-01-14 18:26:48.010886912,2026-01-14 18:26:48.010886912,18:26:48.010886,Recent Reviews
Wakefit,"₹7,117","4.6(1,196)","(1,196)",Bank Offer,9,7117,False,4.6,Wakefit,False,4,Mid-High,23,9243.0,Premium-Spec,1196.0,High Reviews (>500),2025-06-06 18:20:10.968333568,2025-06-06 18:20:10.968333568,18:20:10.968333,Older Reviews
Sleepyhead,"₹20,249",4(878),(878),Top Discount of the Sale,9,20249,False,4.0,Sleepyhead,False,3,Premium,5,21315.0,Mid-Spec,878.0,High Reviews (>500),2025-08-17 11:37:14.908139264,2025-08-17 11:37:14.908139264,11:37:14.908139,Recent Reviews
Hypnos,"₹12,698","4.3(1,179)","(1,179)",Top Discount of the Sale,9,12698,False,4.3,Hypnos,False,2,Premium,5,13366.0,High-Spec,1179.0,High Reviews (>500),2025-05-21 06:32:11.292360960,2025-05-21 06:32:11.292360960,06:32:11.292360,Older Reviews
Cello,"₹5,399","4.2(3,203)","(3,203)",Bank Offer,9,5399,False,4.2,Cello,False,4,Entry-Level,32,7940.0,High-Spec,3203.0,High Reviews (>500),2025-01-20 12:32:17.228310528,2025-01-20 12:32:17.228310528,12:32:17.228310,Older Reviews
GOYALSON,"₹5,388",4.1(302),(302),Bank Offer,9,5388,False,4.1,GOYALSON,False,4,Entry-Level,36,8419.0,High-Spec,302.0,Low Reviews (≤500),2024-03-08 12:47:16.225366528,2024-03-08 12:47:16.225366528,12:47:16.225366,Older Reviews
Friends,"₹6,765","4.2(3,181)","(3,181)",Top Discount of the Sale,9,6765,False,4.2,Friends,False,5,Mid-High,18,8250.0,High-Spec,3181.0,High Reviews (>500),2026-01-20 20:57:17.399060480,2026-01-20 20:57:17.399060480,20:57:17.399060,Recent Reviews
Furniture,"₹6,999","4.4(6,001)","(6,001)",Bank Offer,9,6999,False,4.4,Furniture,False,6,Mid-High,24,9209.0,High-Spec,6001.0,High Reviews (>500),2025-03-29 19:14:32.066768896,2025-03-29 19:14:32.066768896,19:14:32.066768,Older Reviews
BLUEWUD,"₹6,599","4(1,381)","(1,381)",Top Discount of the Sale,9,6599,False,4.0,BLUEWUD,False,5,Mid-Low,22,8460.0,Mid-Spec,1381.0,High Reviews (>500),2025-11-29 04:41:11.933174784,2025-11-29 04:41:11.933174784,04:41:11.933174,Recent Reviews
Wooden,"₹7,299",4(91),(91),Top Discount of the Sale,9,7299,False,4.0,Wooden,False,6,Mid-High,24,9604.0,Mid-Spec,91.0,Low Reviews (≤500),2025-09-02 04:36:37.514262784,2025-09-02 04:36:37.514262784,04:36:37.514262,Recent Reviews
Livpure,"₹7,054","4.2(5,121)","(5,121)",Top Discount of the Sale,9,7054,False,4.2,Livpure,False,4,Mid-High,12,8016.0,High-Spec,5121.0,High Reviews (>500),2024-12-12 21:13:29.566190336,2024-12-12 21:13:29.566190336,21:13:29.566190,Older Reviews
THE,"₹8,499",4.6(293),(293),Top Discount of the Sale,9,8499,False,4.6,THE,False,6,Mid-High,21,10758.0,Premium-Spec,293.0,Low Reviews (≤500),2025-06-02 10:04:58.214833664,2025-06-02 10:04:58.214833664,10:04:58.214833,Older Reviews
Kendalwood,"₹6,580",4(618),(618),Top Discount of the Sale,9,6580,False,4.0,Kendalwood,False,4,Mid-Low,22,8436.0,Mid-Spec,618.0,High Reviews (>500),2025-10-02 22:08:05.142842880,2025-10-02 22:08:05.142842880,22:08:05.142842,Recent Reviews
Sleepwell,"₹10,299","4.1(15,062)","(15,062)",Bank Offer,9,10299,False,4.1,Sleepwell,False,3,Premium,5,10841.0,High-Spec,15062.0,High Reviews (>500),2024-10-24 03:13:51.751247616,2024-10-24 03:13:51.751247616,03:13:51.751247,Older Reviews
Kendalwood,"₹15,040",4(866),(866),Top Discount of the Sale,9,15040,False,4.0,Kendalwood,False,2,Premium,12,17091.0,Mid-Spec,866.0,High Reviews (>500),2024-05-21 21:15:46.851719168,2024-05-21 21:15:46.851719168,21:15:46.851719,Older Reviews
Furniture,"₹6,999","4.4(6,001)","(6,001)",Bank Offer,9,6999,False,4.4,Furniture,False,4,Mid-High,18,8535.0,High-Spec,6001.0,High Reviews (>500),2024-10-05 00:54:36.855272704,2024-10-05 00:54:36.855272704,00:54:36.855272,Older Reviews
zidle,"₹5,046",4.4(58),(58),Top Discount of the Sale,9,5046,False,4.4,zidle,False,4,Entry-Level,49,9894.0,High-Spec,58.0,Low Reviews (≤500),2024-08-15 02:14:06.882217472,2024-08-15 02:14:06.882217472,02:14:06.882217,Older Reviews
Wakefit,"₹7,075","4.7(1,124)","(1,124)",Bank Offer,9,7075,False,4.7,Wakefit,False,6,Mid-High,16,8423.0,Premium-Spec,1124.0,High Reviews (>500),2025-11-18 01:36:26.321458688,2025-11-18 01:36:26.321458688,01:36:26.321458,Recent Reviews
Newturn,"₹5,981",4.1(327),(327),Top Discount of the Sale,9,5981,False,4.1,Newturn,False,6,Mid-Low,32,8796.0,High-Spec,327.0,Low Reviews (≤500),2025-05-15 20:46:32.596178688,2025-05-15 20:46:32.596178688,20:46:32.596178,Older Reviews
FLO,"₹6,258","4.1(8,216)","(8,216)",Top Discount of the Sale,10,6258,False,4.1,FLO,False,5,Mid-Low,20,7822.0,High-Spec,8216.0,High Reviews (>500),2025-09-13 01:38:40.005019648,2025-09-13 01:38:40.005019648,01:38:40.005019,Recent Reviews
Wakefit,"₹5,948","4.4(1,51,210)","(1,51,210)",Top Discount of the Sale,10,5948,False,4.4,Wakefit,False,5,Mid-Low,21,7529.0,High-Spec,151210.0,High Reviews (>500),2025-04-30 05:34:44.736530176,2025-04-30 05:34:44.736530176,05:34:44.736530,Older Reviews
RM,"₹13,008",4.1(130),(130),Top Discount of the Sale,10,13008,False,4.1,RM,False,3,Premium,14,15126.0,High-Spec,130.0,Low Reviews (≤500),2025-04-05 23:51:21.879150080,2025-04-05 23:51:21.879150080,23:51:21.879150,Older Reviews
Cello,"₹6,099","4.1(2,212)","(2,212)",Bank Offer,10,6099,False,4.1,Cello,False,6,Mid-Low,29,8590.0,High-Spec,2212.0,High Reviews (>500),2024-03-30 08:44:19.488450816,2024-03-30 08:44:19.488450816,08:44:19.488450,Older Reviews
Sleepyhead,"₹5,539","4.4(65,853)","(65,853)",Top Discount of the Sale,10,5539,False,4.4,Sleepyhead,False,5,Entry-Level,33,8267.0,High-Spec,65853.0,High Reviews (>500),2024-07-06 12:45:33.314513408,2024-07-06 12:45:33.314513408,12:45:33.314513,Older Reviews
Solis,"₹8,499","4.2(12,440)","(12,440)",Top Discount of the Sale,10,8499,False,4.2,Solis,False,4,Mid-High,14,9883.0,High-Spec,12440.0,High Reviews (>500),2024-05-03 17:12:53.005836288,2024-05-03 17:12:53.005836288,17:12:53.005836,Older Reviews
Florance,"₹5,066",4.8(11),(11),Bank Offer,10,5066,False,4.8,Florance,False,6,Entry-Level,38,8171.0,Premium-Spec,11.0,Low Reviews (≤500),2025-04-03 01:49:16.114695168,2025-04-03 01:49:16.114695168,01:49:16.114695,Older Reviews
Hypnos,"₹5,974","4.1(5,270)","(5,270)",Top Discount of the Sale,10,5974,False,4.1,Hypnos,False,4,Mid-Low,22,7659.0,High-Spec,5270.0,High Reviews (>500),2025-04-15 13:00:02.291947264,2025-04-15 13:00:02.291947264,13:00:02.291947,Older Reviews
Sleepyhead,"₹11,069",4.1(440),(440),Top Discount of the Sale,10,11069,False,4.1,Sleepyhead,False,3,Premium,13,12723.0,High-Spec,440.0,Low Reviews (≤500),2024-04-16 18:45:38.826646272,2024-04-16 18:45:38.826646272,18:45:38.826646,Older Reviews
TrendyLivings,"₹7,376",4.3(204),(204),Top Discount of the Sale,10,7376,False,4.3,TrendyLivings,False,4,Mid-High,18,8995.0,High-Spec,204.0,Low Reviews (≤500),2024-08-18 17:34:05.008845056,2024-08-18 17:34:05.008845056,17:34:05.008845,Older Reviews
Sleepyhead,"₹5,539","4.3(53,891)","(53,891)",Top Discount of the Sale,10,5539,False,4.3,Sleepyhead,False,4,Entry-Level,46,10257.0,High-Spec,53891.0,High Reviews (>500),2025-07-05 19:51:28.169754624,2025-07-05 19:51:28.169754624,19:51:28.169754,Older Reviews
Hypnos,"₹7,965","4.1(5,270)","(5,270)",Top Discount of the Sale,10,7965,False,4.1,Hypnos,False,4,Mid-High,15,9371.0,High-Spec,5270.0,High Reviews (>500),2025-12-27 22:04:18.107556608,2025-12-27 22:04:18.107556608,22:04:18.107556,Recent Reviews
Wakefit,"₹10,499",4.3(518),(518),Bank Offer,10,10499,False,4.3,Wakefit,False,3,Premium,6,11169.0,High-Spec,518.0,High Reviews (>500),2025-11-22 07:17:43.019235584,2025-11-22 07:17:43.019235584,07:17:43.019235,Recent Reviews
SleepyCat,"₹26,519",4.1(148),(148),Top Discount of the Sale,10,26519,False,4.1,SleepyCat,False,3,Premium,10,29466.0,High-Spec,148.0,Low Reviews (≤500),2024-07-07 05:01:19.871459584,2024-07-07 05:01:19.871459584,05:01:19.871459,Older Reviews
SPRINGTEK,"₹5,789","4.2(7,207)","(7,207)",Bank Offer,10,5789,False,4.2,SPRINGTEK,False,6,Mid-Low,22,7422.0,High-Spec,7207.0,High Reviews (>500),2024-05-03 01:26:36.360728576,2024-05-03 01:26:36.360728576,01:26:36.360728,Older Reviews
Sleepyhead,"₹8,549",4.5(197),(197),Bank Offer,10,8549,False,4.5,Sleepyhead,False,5,Mid-High,11,9606.0,High-Spec,197.0,Low Reviews (≤500),2024-08-24 16:12:08.300263680,2024-08-24 16:12:08.300263680,16:12:08.300263,Older Reviews
Artesia,"₹6,999",4.2(151),(151),Top Discount of the Sale,10,6999,False,4.2,Artesia,False,4,Mid-High,17,8433.0,High-Spec,151.0,Low Reviews (≤500),2025-02-16 22:43:56.683140352,2025-02-16 22:43:56.683140352,22:43:56.683140,Older Reviews
LIVPURE,"₹5,699","4.2(5,692)","(5,692)",Bank Offer,10,5699,False,4.2,LIVPURE,False,5,Mid-Low,33,8506.0,High-Spec,5692.0,High Reviews (>500),2024-04-16 23:54:55.365706752,2024-04-16 23:54:55.365706752,23:54:55.365706,Older Reviews
SPECIALITY,"₹6,072","4(1,126)","(1,126)",Top Discount of the Sale,10,6072,False,4.0,SPECIALITY,False,5,Mid-Low,29,8552.0,Mid-Spec,1126.0,High Reviews (>500),2024-07-20 06:58:00.418518016,2024-07-20 06:58:00.418518016,06:58:00.418518,Older Reviews
KVSTsurgitech,"₹11,491",4.3(4),(4),Bank Offer,10,11491,False,4.3,KVSTsurgitech,False,2,Premium,13,13208.0,High-Spec,4.0,Low Reviews (≤500),2025-02-26 21:24:17.611423744,2025-02-26 21:24:17.611423744,21:24:17.611423,Older Reviews
Solis,"₹6,657","4.2(12,440)","(12,440)",Top Discount of the Sale,10,6657,False,4.2,Solis,False,4,Mid-Low,20,8321.0,High-Spec,12440.0,High Reviews (>500),2024-08-20 06:12:24.386882048,2024-08-20 06:12:24.386882048,06:12:24.386882,Older Reviews
LIVPURE,"₹5,089","4.1(2,573)","(2,573)",Bank Offer,10,5089,False,4.1,LIVPURE,False,4,Entry-Level,46,9424.0,High-Spec,2573.0,High Reviews (>500),2024-08-13 20:46:26.866578688,2024-08-13 20:46:26.866578688,20:46:26.866578,Older Reviews
Seventh,"₹15,999",4(673),(673),Bank Offer,10,15999,False,4.0,Seventh,False,3,Premium,8,17390.0,Mid-Spec,673.0,High Reviews (>500),2024-07-04 02:08:28.015794432,2024-07-04 02:08:28.015794432,02:08:28.015794,Older Reviews
Godrej,"₹24,190","4.1(1,010)","(1,010)",Bank Offer,10,24190,False,4.1,Godrej,False,3,Premium,8,26293.0,High-Spec,1010.0,High Reviews (>500),2025-06-29 03:36:05.820680704,2025-06-29 03:36:05.820680704,03:36:05.820680,Older Reviews
GOYALSON,"₹5,388",4.1(302),(302),Bank Offer,10,5388,False,4.1,GOYALSON,False,4,Entry-Level,47,10166.0,High-Spec,302.0,Low Reviews (≤500),2024-04-06 10:11:09.284007680,2024-04-06 10:11:09.284007680,10:11:09.284007,Older Reviews
Solis,"₹8,371",4(626),(626),Top Discount of the Sale,10,8371,False,4.0,Solis,False,5,Mid-High,23,10871.0,Mid-Spec,626.0,High Reviews (>500),2024-05-11 23:07:29.510568448,2024-05-11 23:07:29.510568448,23:07:29.510568,Older Reviews
Hypnos,"₹12,698","4.3(1,179)","(1,179)",Top Discount of the Sale,10,12698,False,4.3,Hypnos,False,2,Premium,6,13509.0,High-Spec,1179.0,High Reviews (>500),2025-08-01 03:26:32.899747584,2025-08-01 03:26:32.899747584,03:26:32.899747,Recent Reviews
Friends,"₹6,765","4.2(3,181)","(3,181)",Top Discount of the Sale,10,6765,False,4.2,Friends,False,5,Mid-High,14,7866.0,High-Spec,3181.0,High Reviews (>500),2024-12-23 02:49:51.216847872,2024-12-23 02:49:51.216847872,02:49:51.216847,Older Reviews
Wakefit,"₹9,467","4.5(12,197)","(12,197)",Bank Offer,10,9467,False,4.5,Wakefit,False,3,Premium,5,9965.0,High-Spec,12197.0,High Reviews (>500),2025-07-05 12:28:05.024028416,2025-07-05 12:28:05.024028416,12:28:05.024028,Older Reviews
Delite,"₹6,442",4.3(498),(498),Bank Offer,10,6442,False,4.3,Delite,False,5,Mid-Low,24,8476.0,High-Spec,498.0,Low Reviews (≤500),2025-10-01 00:17:20.517056256,2025-10-01 00:17:20.517056256,00:17:20.517056,Recent Reviews
Wooden,"₹7,299",4(91),(91),Top Discount of the Sale,10,7299,False,4.0,Wooden,False,5,Mid-High,18,8901.0,Mid-Spec,91.0,Low Reviews (≤500),2025-03-19 17:29:58.374215424,2025-03-19 17:29:58.374215424,17:29:58.374215,Older Reviews
Livpure,"₹7,054","4.2(5,121)","(5,121)",Top Discount of the Sale,10,7054,False,4.2,Livpure,False,5,Mid-High,10,7838.0,High-Spec,5121.0,High Reviews (>500),2025-12-28 09:36:59.627227648,2025-12-28 09:36:59.627227648,09:36:59.627227,Recent Reviews
Seventh,"₹9,791","4.4(1,626)","(1,626)",Top Discount of the Sale,10,9791,False,4.4,Seventh,False,2,Premium,14,11385.0,High-Spec,1626.0,High Reviews (>500),2024-10-03 11:57:14.336207872,2024-10-03 11:57:14.336207872,11:57:14.336207,Older Reviews
Solis,"₹5,433","4.1(2,857)","(2,857)",Bank Offer,10,5433,False,4.1,Solis,False,5,Entry-Level,37,8624.0,High-Spec,2857.0,High Reviews (>500),2025-12-05 19:51:17.042042880,2025-12-05 19:51:17.042042880,19:51:17.042042,Recent Reviews
Sleepwell,"₹10,299","4.1(15,062)","(15,062)",Bank Offer,10,10299,False,4.1,Sleepwell,False,2,Premium,7,11074.0,High-Spec,15062.0,High Reviews (>500),2025-12-18 03:15:55.234128640,2025-12-18 03:15:55.234128640,03:15:55.234128,Recent Reviews
The,"₹16,999",4.3(147),(147),Bank Offer,10,16999,False,4.3,The,False,2,Premium,5,17894.0,High-Spec,147.0,Low Reviews (≤500),2025-08-12 08:38:32.344057344,2025-08-12 08:38:32.344057344,08:38:32.344057,Recent Reviews
Furniture,"₹6,999","4.4(6,001)","(6,001)",Bank Offer,10,6999,False,4.4,Furniture,False,6,Mid-High,18,8535.0,High-Spec,6001.0,High Reviews (>500),2025-03-22 04:59:09.600061184,2025-03-22 04:59:09.600061184,04:59:09.600061,Older Reviews
zidle,"₹5,046",4.4(58),(58),Top Discount of the Sale,10,5046,False,4.4,zidle,False,4,Entry-Level,48,9704.0,High-Spec,58.0,Low Reviews (≤500),2026-01-20 02:03:14.689140992,2026-01-20 02:03:14.689140992,02:03:14.689140,Recent Reviews
GTPLAYER,"₹9,999",4.1(181),(181),Bank Offer,10,9999,False,4.1,GTPLAYER,False,3,Premium,14,11627.0,High-Spec,181.0,Low Reviews (≤500),2025-07-13 09:50:17.829367040,2025-07-13 09:50:17.829367040,09:50:17.829367,Older Reviews
Drogo,"₹14,990",4.5(427),(427),Top Discount of the Sale,10,14990,False,4.5,Drogo,False,2,Premium,8,16293.0,High-Spec,427.0,Low Reviews (≤500),2024-09-27 22:28:50.352613376,2024-09-27 22:28:50.352613376,22:28:50.352613,Older Reviews
